Workbook
Name Slicer_Total_Metals: #N/A

Sheet BATCH
A1: University of Northern British Columbia
A2: Northern Analytical Laboratory Services
A3: QA/QC Report File (Processing) | B3: =INSTRUCTIONS!A3
A4: BATCH | B4: A
A6: Analyst: | B6: Erwin
A7: NALS Director: | B7: Dr. Hossein Kazemian
A9: Date: | B9: 46066
A10: Client Name: | B10: Multiple Clients
A11: Supervisor: | B11: n/a
A12: Client Company Name: | B12: n/a
A13: Reference File: | B13: 2025NALS02540_2621_2623_2627_Feb_13_2026_OES
A14: Number of Samples: | B14: Multiple Samples
A15: Detection Limits File: | B15: =INSTRUCTIONS!B11
A17: ICPOES (Raw Data from QA/QC from UNADJUSTED DATA) | C17: Ag 328.068 nm | D17: Ag 338.289 nm | E17: Al 396.152 nm | F17: As 188.980 nm | G17: As 193.696 nm | H17: B 249.678 nm | I17: B 249.772 nm | J17: Ba 493.408 nm | K17: Ba-A 455.403 nm | L17: Be 234.861 nm | M17: Be 313.042 nm | N17: Bi 222.821 nm | O17: Bi 223.061 nm | P17: Ca 317.933 nm | Q17: Ca 422.673 nm | R17: Cd 214.439 nm | S17: Cd 226.502 nm | T17: Ce 418.659 nm | U17: Ce 446.021 nm | V17: Co 238.892 nm | W17: Co 258.033 nm | X17: Cr 206.158 nm | Y17: Cr 267.716 nm | Z17: Cu-A 327.395 nm | AA17: Dy 340.780 nm | AB17: Dy 353.171 nm | AC17: Er 337.275 nm | AD17: Er 349.910 nm | AE17: Eu 397.197 nm | AF17: Eu 420.504 nm | AG17: Fe 234.350 nm | AH17: Fe 238.204 nm | AI17: Ga 294.363 nm | AJ17: Ga 417.204 nm | AK17: Gd 335.048 nm | AL17: Gd 342.246 nm | AM17: Hf 263.872 nm | AN17: Hf 264.141 nm | AO17: Hg 184.887 nm | AP17: Hg 194.164 nm | AQ17: Ho 339.895 nm | AR17: Ho 345.600 nm | AS17: K 766.491 nm | AT17: La 333.749 nm | AU17: La 379.477 nm | AV17: Li 610.365 nm | AW17: Li 670.783 nm | AX17: Lu 261.541 nm | AY17: Lu 291.139 nm | AZ17: Mg 280.270 nm | BA17: Mg 285.213 nm | BB17: Mn 257.610 nm | BC17: Mn 294.921 nm | BD17: Mo 202.032 nm | BE17: Mo 204.598 nm | BF17: Na 588.995 nm | BG17: Na 589.592 nm | BH17: Nb 309.417 nm | BI17: Nb 313.078 nm | BJ17: Nd 401.224 nm | BK17: Nd 406.108 nm | BL17: Ni 216.555 nm | BM17: Ni 231.604 nm | BN17: P 177.434 nm | BO17: P 178.222 nm | BP17: P 213.618 nm | BQ17: Pb 220.353 nm | BR17: Rb 780.026 nm | BS17: S 180.669 nm | BT17: S 181.972 nm | BU17: Sb 206.834 nm | BV17: Sb 217.582 nm | BW17: Sc 335.372 nm | BX17: Sc 361.383 nm | BY17: Se 196.026 nm | BZ17: Se 203.985 nm | CA17: Si 251.611 nm | CB17: Si 288.158 nm | CC17: Sm 359.259 nm | CD17: Sm 360.949 nm | CE17: Sn 189.925 nm | CF17: Sn 283.998 nm | CG17: Sr-R 407.771 nm | CH17: Sr-R 421.552 nm | CI17: Ta 263.558 nm | CJ17: Ta 268.517 nm | CK17: Te 182.153 nm | CL17: Te 214.282 nm | CM17: Th 269.242 nm | CN17: Th 283.730 nm | CO17: Ti 334.941 nm | CP17: Ti 336.122 nm | CQ17: Tl 190.794 nm | CR17: Tl 276.789 nm | CS17: Tl 351.923 nm | CT17: Tm 313.125 nm | CU17: Tm 342.508 nm | CV17: U 367.007 nm | CW17: U 385.957 nm | CX17: V 292.401 nm | CY17: V 309.310 nm | CZ17: W 207.912 nm | DA17: W 209.475 nm | DB17: Y 360.074 nm | DC17: Y 371.029 nm | DD17: Yb 328.937 nm | DE17: Yb 369.419 nm | DF17: Zn 202.548 nm | DG17: Zn 213.857 nm | DH17: Zr 339.198 nm | DI17: Zr 343.823 nm
A18: QA/QC SAMPLES NAMES | B18: Comment | C18: Conc. (mg/L) | D18: Conc. (mg/L) | E18: Conc. (mg/L) | F18: Conc. (mg/L) | G18: Conc. (mg/L) | H18: Conc. (mg/L) | I18: Conc. (mg/L) | J18: Conc. (mg/L) | K18: Conc. (mg/L) | L18: Conc. (mg/L) | M18: Conc. (µg/L) | N18: Conc. (mg/L) | O18: Conc. (mg/L) | P18: Conc. (mg/L) | Q18: Conc. (mg/L) | R18: Conc. (mg/L) | S18: Conc. (mg/L) | T18: Conc. (mg/L) | U18: Conc. (mg/L) | V18: Conc. (mg/L) | W18: Conc. (mg/L) | X18: Conc. (mg/L) | Y18: Conc. (mg/L) | Z18: Conc. (mg/L) | AA18: Conc. (mg/L) | AB18: Conc. (mg/L) | AC18: Conc. (mg/L) | AD18: Conc. (mg/L) | AE18: Conc. (mg/L) | AF18: Conc. (mg/L) | AG18: Conc. (mg/L) | AH18: Conc. (mg/L) | AI18: Conc. (mg/L) | AJ18: Conc. (mg/L) | AK18: Conc. (mg/L) | AL18: Conc. (mg/L) | AM18: Conc. (mg/L) | AN18: Conc. (mg/L) | AO18: Conc. (µg/L) | AP18: Conc. (µg/L) | AQ18: Conc. (mg/L) | AR18: Conc. (mg/L) | AS18: Conc. (mg/L) | AT18: Conc. (mg/L) | AU18: Conc. (mg/L) | AV18: Conc. (mg/L) | AW18: Conc. (mg/L) | AX18: Conc. (mg/L) | AY18: Conc. (mg/L) | AZ18: Conc. (mg/L) | BA18: Conc. (mg/L) | BB18: Conc. (mg/L) | BC18: Conc. (mg/L) | BD18: Conc. (mg/L) | BE18: Conc. (mg/L) | BF18: Conc. (mg/L) | BG18: Conc. (mg/L) | BH18: Conc. (mg/L) | BI18: Conc. (mg/L) | BJ18: Conc. (mg/L) | BK18: Conc. (mg/L) | BL18: Conc. (mg/L) | BM18: Conc. (mg/L) | BN18: Conc. (mg/L) | BO18: Conc. (mg/L) | BP18: Conc. (mg/L) | BQ18: Conc. (mg/L) | BR18: Conc. (mg/L) | BS18: Conc. (mg/L) | BT18: Conc. (mg/L) | BU18: Conc. (mg/L) | BV18: Conc. (mg/L) | BW18: Conc. (mg/L) | BX18: Conc. (mg/L) | BY18: Conc. (mg/L) | BZ18: Conc. (mg/L) | CA18: Conc. (mg/L) | CB18: Conc. (mg/L) | CC18: Conc. (mg/L) | CD18: Conc. (mg/L) | CE18: Conc. (mg/L) | CF18: Conc. (mg/L) | CG18: Conc. (mg/L) | CH18: Conc. (mg/L) | CI18: Conc. (mg/L) | CJ18: Conc. (mg/L) | CK18: Conc. (mg/L) | CL18: Conc. (mg/L) | CM18: Conc. (mg/L) | CN18: Conc. (mg/L) | CO18: Conc. (mg/L) | CP18: Conc. (mg/L) | CQ18: Conc. (mg/L) | CR18: Conc. (mg/L) | CS18: Conc. (mg/L) | CT18: Conc. (mg/L) | CU18: Conc. (mg/L) | CV18: Conc. (mg/L) | CW18: Conc. (mg/L) | CX18: Conc. (mg/L) | CY18: Conc. (mg/L) | CZ18: Conc. (mg/L) | DA18: Conc. (mg/L) | DB18: Conc. (mg/L) | DC18: Conc. (mg/L) | DD18: Conc. (mg/L) | DE18: Conc. (mg/L) | DF18: Conc. (mg/L) | DG18: Conc. (mg/L) | DH18: Conc. (mg/L) | DI18: Conc. (mg/L)
A19: IPC Blank after Calibration (NALS Blank) | B19: IPC Blank
A20: IPC CCV5 after Calibration | B20: CCV 500ppb
A21: IPC CCV5 after Batch | B21: CCV 500ppb
A22: Digest Method Blank (LRB) | B22: 2026NALS02621 A01
A23: Digest LFB | B23: 2026NALS02621 A02
A24: SAMPLE, RPD Calculated | B24: 2026NALS02621 A03
A25: SAMPLE DUPLICATE, RPD Calculated | B25: 2026NALS02621 A04
A26: LFM Background (10X Dil. of Sample) | B26: 2026NALS02621 A03 - Dil. 10X
A27: LFM Spike | B27: 2026NALS02621 A05
A28: Instrument LFB | B28: Lab Fortified Blank 1ppm Jan 20/26 ICV
A29: Instrument Interference Check | B29: Interference Check 1ppm Jan 20/26 ICV
A30: Instrument ICV | B30: ICV LVL 5 Jan 27/26
... A38: N/A | B38: USED ONLY FOR ADDITIONAL QC
A39: Reportable Limit (3xMDL) | B39: Reportable Limit (No Dilution) | C39: =CODES!C29 | D39: =CODES!D29 | E39: =CODES!E29 | F39: =CODES!F29 | G39: =CODES!G29 | H39: =CODES!H29 | I39: =CODES!I29 | J39: =CODES!J29 | ... DI39: =CODES!DI29
A40: Reportable Limit (3xMDL) | B40: Reportable Limit (No Dilution) | C40: =CODES!C30 | D40: =CODES!D30 | E40: =CODES!E30 | F40: =CODES!F30 | G40: =CODES!G30 | H40: =CODES!H30 | I40: =CODES!I30 | J40: =CODES!J30 | ... DI40: =CODES!DI30
A43: YELLOW IS PREFERRED WAVELENGTH
A44: ICPOES (Reportable Numbers) *DO NOT ADJUST* | C44: =C17 | D44: =D17 | E44: =E17 | F44: =F17 | G44: =G17 | H44: =H17 | I44: =I17 | J44: =J17 | ... DI44: =DI17
A45: Sample Name | B45: Comment | C45: =C18 | D45: =D18 | E45: =E18 | F45: =F18 | G45: =G18 | H45: =H18 | I45: =I18 | J45: =J18 | ... DI45: =DI18
A46: =A19 | B46: =B19 | C46: =IF(ISBLANK(C19),"NO DATA",IF(ISNUMBER(FIND(CODES!$A$12,C19)),CODES!$A$12,IF(OR(ISNUMBER(FIND(CODES!$A$10,C19)),ISNUMBER(FIND(CODES!$A$11,C19))),CODES!$A$13,IF(OR(C19<C$39,ISNUMBER(C19)=FALSE),C$40,C19)))) | D46: =IF(ISBLANK(D19),"NO DATA",IF(ISNUMBER(FIND(CODES!$A$12,D19)),CODES!$A$12,IF(OR(ISNUMBER(FIND(CODES!$A$10,D19)),ISNUMBER(FIND(CODES!$A$11,D19))),CODES!$A$13,IF(OR(D19<D$39,ISNUMBER(D19)=FALSE),D$40,D19)))) | E46: =IF(ISBLANK(E19),"NO DATA",IF(ISNUMBER(FIND(CODES!$A$12,E19)),CODES!$A$12,IF(OR(ISNUMBER(FIND(CODES!$A$10,E19)),ISNUMBER(FIND(CODES!$A$11,E19))),CODES!$A$13,IF(OR(E19<E$39,ISNUMBER(E19)=FALSE),E$40,E19)))) | F46: =IF(ISBLANK(F19),"NO DATA",IF(ISNUMBER(FIND(CODES!$A$12,F19)),CODES!$A$12,IF(OR(ISNUMBER(FIND(CODES!$A$10,F19)),ISNUMBER(FIND(CODES!$A$11,F19))),CODES!$A$13,IF(OR(F19<F$39,ISNUMBER(F19)=FALSE),F$40,F19)))) | G46: =IF(ISBLANK(G19),"NO DATA",IF(ISNUMBER(FIND(CODES!$A$12,G19)),CODES!$A$12,IF(OR(ISNUMBER(FIND(CODES!$A$10,G19)),ISNUMBER(FIND(CODES!$A$11,G19))),CODES!$A$13,IF(OR(G19<G$39,ISNUMBER(G19)=FALSE),G$40,G19)))) | H46: =IF(ISBLANK(H19),"NO DATA",IF(ISNUMBER(FIND(CODES!$A$12,H19)),CODES!$A$12,IF(OR(ISNUMBER(FIND(CODES!$A$10,H19)),ISNUMBER(FIND(CODES!$A$11,H19))),CODES!$A$13,IF(OR(H19<H$39,ISNUMBER(H19)=FALSE),H$40,H19)))) | I46: =IF(ISBLANK(I19),"NO DATA",IF(ISNUMBER(FIND(CODES!$A$12,I19)),CODES!$A$12,IF(OR(ISNUMBER(FIND(CODES!$A$10,I19)),ISNUMBER(FIND(CODES!$A$11,I19))),CODES!$A$13,IF(OR(I19<I$39,ISNUMBER(I19)=FALSE),I$40,I19)))) | J46: =IF(ISBLANK(J19),"NO DATA",IF(ISNUMBER(FIND(CODES!$A$12,J19)),CODES!$A$12,IF(OR(ISNUMBER(FIND(CODES!$A$10,J19)),ISNUMBER(FIND(CODES!$A$11,J19))),CODES!$A$13,IF(OR(J19<J$39,ISNUMBER(J19)=FALSE),J$40,J19)))) | ... DI46: =IF(ISBLANK(DI19),"NO DATA",IF(ISNUMBER(FIND(CODES!$A$12,DI19)),CODES!$A$12,IF(OR(ISNUMBER(FIND(CODES!$A$10,DI19)),ISNUMBER(FIND(CODES!$A$11,DI19))),CODES!$A$13,IF(OR(DI19<DI$39,ISNUMBER(DI19)=FALSE),DI$40,DI19))))
A47: =A20 | B47: =B20 | C47: =IF(ISBLANK(C20),"NO DATA",IF(ISNUMBER(FIND(CODES!$A$12,C20)),CODES!$A$12,IF(OR(ISNUMBER(FIND(CODES!$A$10,C20)),ISNUMBER(FIND(CODES!$A$11,C20))),CODES!$A$13,IF(OR(C20<C$39,ISNUMBER(C20)=FALSE),C$40,C20)))) | D47: =IF(ISBLANK(D20),"NO DATA",IF(ISNUMBER(FIND(CODES!$A$12,D20)),CODES!$A$12,IF(OR(ISNUMBER(FIND(CODES!$A$10,D20)),ISNUMBER(FIND(CODES!$A$11,D20))),CODES!$A$13,IF(OR(D20<D$39,ISNUMBER(D20)=FALSE),D$40,D20)))) | E47: =IF(ISBLANK(E20),"NO DATA",IF(ISNUMBER(FIND(CODES!$A$12,E20)),CODES!$A$12,IF(OR(ISNUMBER(FIND(CODES!$A$10,E20)),ISNUMBER(FIND(CODES!$A$11,E20))),CODES!$A$13,IF(OR(E20<E$39,ISNUMBER(E20)=FALSE),E$40,E20)))) | F47: =IF(ISBLANK(F20),"NO DATA",IF(ISNUMBER(FIND(CODES!$A$12,F20)),CODES!$A$12,IF(OR(ISNUMBER(FIND(CODES!$A$10,F20)),ISNUMBER(FIND(CODES!$A$11,F20))),CODES!$A$13,IF(OR(F20<F$39,ISNUMBER(F20)=FALSE),F$40,F20)))) | G47: =IF(ISBLANK(G20),"NO DATA",IF(ISNUMBER(FIND(CODES!$A$12,G20)),CODES!$A$12,IF(OR(ISNUMBER(FIND(CODES!$A$10,G20)),ISNUMBER(FIND(CODES!$A$11,G20))),CODES!$A$13,IF(OR(G20<G$39,ISNUMBER(G20)=FALSE),G$40,G20)))) | H47: =IF(ISBLANK(H20),"NO DATA",IF(ISNUMBER(FIND(CODES!$A$12,H20)),CODES!$A$12,IF(OR(ISNUMBER(FIND(CODES!$A$10,H20)),ISNUMBER(FIND(CODES!$A$11,H20))),CODES!$A$13,IF(OR(H20<H$39,ISNUMBER(H20)=FALSE),H$40,H20)))) | I47: =IF(ISBLANK(I20),"NO DATA",IF(ISNUMBER(FIND(CODES!$A$12,I20)),CODES!$A$12,IF(OR(ISNUMBER(FIND(CODES!$A$10,I20)),ISNUMBER(FIND(CODES!$A$11,I20))),CODES!$A$13,IF(OR(I20<I$39,ISNUMBER(I20)=FALSE),I$40,I20)))) | J47: =IF(ISBLANK(J20),"NO DATA",IF(ISNUMBER(FIND(CODES!$A$12,J20)),CODES!$A$12,IF(OR(ISNUMBER(FIND(CODES!$A$10,J20)),ISNUMBER(FIND(CODES!$A$11,J20))),CODES!$A$13,IF(OR(J20<J$39,ISNUMBER(J20)=FALSE),J$40,J20)))) | ... DI47: =IF(ISBLANK(DI20),"NO DATA",IF(ISNUMBER(FIND(CODES!$A$12,DI20)),CODES!$A$12,IF(OR(ISNUMBER(FIND(CODES!$A$10,DI20)),ISNUMBER(FIND(CODES!$A$11,DI20))),CODES!$A$13,IF(OR(DI20<DI$39,ISNUMBER(DI20)=FALSE),DI$40,DI20))))
A48: =A21 | B48: =B21 | C48: =IF(ISBLANK(C21),"NO DATA",IF(ISNUMBER(FIND(CODES!$A$12,C21)),CODES!$A$12,IF(OR(ISNUMBER(FIND(CODES!$A$10,C21)),ISNUMBER(FIND(CODES!$A$11,C21))),CODES!$A$13,IF(OR(C21<C$39,ISNUMBER(C21)=FALSE),C$40,C21)))) | D48: =IF(ISBLANK(D21),"NO DATA",IF(ISNUMBER(FIND(CODES!$A$12,D21)),CODES!$A$12,IF(OR(ISNUMBER(FIND(CODES!$A$10,D21)),ISNUMBER(FIND(CODES!$A$11,D21))),CODES!$A$13,IF(OR(D21<D$39,ISNUMBER(D21)=FALSE),D$40,D21)))) | E48: =IF(ISBLANK(E21),"NO DATA",IF(ISNUMBER(FIND(CODES!$A$12,E21)),CODES!$A$12,IF(OR(ISNUMBER(FIND(CODES!$A$10,E21)),ISNUMBER(FIND(CODES!$A$11,E21))),CODES!$A$13,IF(OR(E21<E$39,ISNUMBER(E21)=FALSE),E$40,E21)))) | F48: =IF(ISBLANK(F21),"NO DATA",IF(ISNUMBER(FIND(CODES!$A$12,F21)),CODES!$A$12,IF(OR(ISNUMBER(FIND(CODES!$A$10,F21)),ISNUMBER(FIND(CODES!$A$11,F21))),CODES!$A$13,IF(OR(F21<F$39,ISNUMBER(F21)=FALSE),F$40,F21)))) | G48: =IF(ISBLANK(G21),"NO DATA",IF(ISNUMBER(FIND(CODES!$A$12,G21)),CODES!$A$12,IF(OR(ISNUMBER(FIND(CODES!$A$10,G21)),ISNUMBER(FIND(CODES!$A$11,G21))),CODES!$A$13,IF(OR(G21<G$39,ISNUMBER(G21)=FALSE),G$40,G21)))) | H48: =IF(ISBLANK(H21),"NO DATA",IF(ISNUMBER(FIND(CODES!$A$12,H21)),CODES!$A$12,IF(OR(ISNUMBER(FIND(CODES!$A$10,H21)),ISNUMBER(FIND(CODES!$A$11,H21))),CODES!$A$13,IF(OR(H21<H$39,ISNUMBER(H21)=FALSE),H$40,H21)))) | I48: =IF(ISBLANK(I21),"NO DATA",IF(ISNUMBER(FIND(CODES!$A$12,I21)),CODES!$A$12,IF(OR(ISNUMBER(FIND(CODES!$A$10,I21)),ISNUMBER(FIND(CODES!$A$11,I21))),CODES!$A$13,IF(OR(I21<I$39,ISNUMBER(I21)=FALSE),I$40,I21)))) | J48: =IF(ISBLANK(J21),"NO DATA",IF(ISNUMBER(FIND(CODES!$A$12,J21)),CODES!$A$12,IF(OR(ISNUMBER(FIND(CODES!$A$10,J21)),ISNUMBER(FIND(CODES!$A$11,J21))),CODES!$A$13,IF(OR(J21<J$39,ISNUMBER(J21)=FALSE),J$40,J21)))) | ... DI48: =IF(ISBLANK(DI21),"NO DATA",IF(ISNUMBER(FIND(CODES!$A$12,DI21)),CODES!$A$12,IF(OR(ISNUMBER(FIND(CODES!$A$10,DI21)),ISNUMBER(FIND(CODES!$A$11,DI21))),CODES!$A$13,IF(OR(DI21<DI$39,ISNUMBER(DI21)=FALSE),DI$40,DI21))))
A49: =A22 | B49: =B22 | C49: =IF(ISBLANK(C22),"NO DATA",IF(ISNUMBER(FIND(CODES!$A$12,C22)),CODES!$A$12,IF(OR(ISNUMBER(FIND(CODES!$A$10,C22)),ISNUMBER(FIND(CODES!$A$11,C22))),CODES!$A$13,IF(OR(C22<C$39,ISNUMBER(C22)=FALSE),C$40,C22)))) | D49: =IF(ISBLANK(D22),"NO DATA",IF(ISNUMBER(FIND(CODES!$A$12,D22)),CODES!$A$12,IF(OR(ISNUMBER(FIND(CODES!$A$10,D22)),ISNUMBER(FIND(CODES!$A$11,D22))),CODES!$A$13,IF(OR(D22<D$39,ISNUMBER(D22)=FALSE),D$40,D22)))) | E49: =IF(ISBLANK(E22),"NO DATA",IF(ISNUMBER(FIND(CODES!$A$12,E22)),CODES!$A$12,IF(OR(ISNUMBER(FIND(CODES!$A$10,E22)),ISNUMBER(FIND(CODES!$A$11,E22))),CODES!$A$13,IF(OR(E22<E$39,ISNUMBER(E22)=FALSE),E$40,E22)))) | F49: =IF(ISBLANK(F22),"NO DATA",IF(ISNUMBER(FIND(CODES!$A$12,F22)),CODES!$A$12,IF(OR(ISNUMBER(FIND(CODES!$A$10,F22)),ISNUMBER(FIND(CODES!$A$11,F22))),CODES!$A$13,IF(OR(F22<F$39,ISNUMBER(F22)=FALSE),F$40,F22)))) | G49: =IF(ISBLANK(G22),"NO DATA",IF(ISNUMBER(FIND(CODES!$A$12,G22)),CODES!$A$12,IF(OR(ISNUMBER(FIND(CODES!$A$10,G22)),ISNUMBER(FIND(CODES!$A$11,G22))),CODES!$A$13,IF(OR(G22<G$39,ISNUMBER(G22)=FALSE),G$40,G22)))) | H49: =IF(ISBLANK(H22),"NO DATA",IF(ISNUMBER(FIND(CODES!$A$12,H22)),CODES!$A$12,IF(OR(ISNUMBER(FIND(CODES!$A$10,H22)),ISNUMBER(FIND(CODES!$A$11,H22))),CODES!$A$13,IF(OR(H22<H$39,ISNUMBER(H22)=FALSE),H$40,H22)))) | I49: =IF(ISBLANK(I22),"NO DATA",IF(ISNUMBER(FIND(CODES!$A$12,I22)),CODES!$A$12,IF(OR(ISNUMBER(FIND(CODES!$A$10,I22)),ISNUMBER(FIND(CODES!$A$11,I22))),CODES!$A$13,IF(OR(I22<I$39,ISNUMBER(I22)=FALSE),I$40,I22)))) | J49: =IF(ISBLANK(J22),"NO DATA",IF(ISNUMBER(FIND(CODES!$A$12,J22)),CODES!$A$12,IF(OR(ISNUMBER(FIND(CODES!$A$10,J22)),ISNUMBER(FIND(CODES!$A$11,J22))),CODES!$A$13,IF(OR(J22<J$39,ISNUMBER(J22)=FALSE),J$40,J22)))) | ... DI49: =IF(ISBLANK(DI22),"NO DATA",IF(ISNUMBER(FIND(CODES!$A$12,DI22)),CODES!$A$12,IF(OR(ISNUMBER(FIND(CODES!$A$10,DI22)),ISNUMBER(FIND(CODES!$A$11,DI22))),CODES!$A$13,IF(OR(DI22<DI$39,ISNUMBER(DI22)=FALSE),DI$40,DI22))))
A50: =A23 | B50: =B23 | C50: =IF(ISBLANK(C23),"NO DATA",IF(ISNUMBER(FIND(CODES!$A$12,C23)),CODES!$A$12,IF(OR(ISNUMBER(FIND(CODES!$A$10,C23)),ISNUMBER(FIND(CODES!$A$11,C23))),CODES!$A$13,IF(OR(C23<C$39,ISNUMBER(C23)=FALSE),C$40,C23)))) | D50: =IF(ISBLANK(D23),"NO DATA",IF(ISNUMBER(FIND(CODES!$A$12,D23)),CODES!$A$12,IF(OR(ISNUMBER(FIND(CODES!$A$10,D23)),ISNUMBER(FIND(CODES!$A$11,D23))),CODES!$A$13,IF(OR(D23<D$39,ISNUMBER(D23)=FALSE),D$40,D23)))) | E50: =IF(ISBLANK(E23),"NO DATA",IF(ISNUMBER(FIND(CODES!$A$12,E23)),CODES!$A$12,IF(OR(ISNUMBER(FIND(CODES!$A$10,E23)),ISNUMBER(FIND(CODES!$A$11,E23))),CODES!$A$13,IF(OR(E23<E$39,ISNUMBER(E23)=FALSE),E$40,E23)))) | F50: =IF(ISBLANK(F23),"NO DATA",IF(ISNUMBER(FIND(CODES!$A$12,F23)),CODES!$A$12,IF(OR(ISNUMBER(FIND(CODES!$A$10,F23)),ISNUMBER(FIND(CODES!$A$11,F23))),CODES!$A$13,IF(OR(F23<F$39,ISNUMBER(F23)=FALSE),F$40,F23)))) | G50: =IF(ISBLANK(G23),"NO DATA",IF(ISNUMBER(FIND(CODES!$A$12,G23)),CODES!$A$12,IF(OR(ISNUMBER(FIND(CODES!$A$10,G23)),ISNUMBER(FIND(CODES!$A$11,G23))),CODES!$A$13,IF(OR(G23<G$39,ISNUMBER(G23)=FALSE),G$40,G23)))) | H50: =IF(ISBLANK(H23),"NO DATA",IF(ISNUMBER(FIND(CODES!$A$12,H23)),CODES!$A$12,IF(OR(ISNUMBER(FIND(CODES!$A$10,H23)),ISNUMBER(FIND(CODES!$A$11,H23))),CODES!$A$13,IF(OR(H23<H$39,ISNUMBER(H23)=FALSE),H$40,H23)))) | I50: =IF(ISBLANK(I23),"NO DATA",IF(ISNUMBER(FIND(CODES!$A$12,I23)),CODES!$A$12,IF(OR(ISNUMBER(FIND(CODES!$A$10,I23)),ISNUMBER(FIND(CODES!$A$11,I23))),CODES!$A$13,IF(OR(I23<I$39,ISNUMBER(I23)=FALSE),I$40,I23)))) | J50: =IF(ISBLANK(J23),"NO DATA",IF(ISNUMBER(FIND(CODES!$A$12,J23)),CODES!$A$12,IF(OR(ISNUMBER(FIND(CODES!$A$10,J23)),ISNUMBER(FIND(CODES!$A$11,J23))),CODES!$A$13,IF(OR(J23<J$39,ISNUMBER(J23)=FALSE),J$40,J23)))) | ... DI50: =IF(ISBLANK(DI23),"NO DATA",IF(ISNUMBER(FIND(CODES!$A$12,DI23)),CODES!$A$12,IF(OR(ISNUMBER(FIND(CODES!$A$10,DI23)),ISNUMBER(FIND(CODES!$A$11,DI23))),CODES!$A$13,IF(OR(DI23<DI$39,ISNUMBER(DI23)=FALSE),DI$40,DI23))))
A51: =A24 | B51: =B24 | C51: =IF(ISBLANK(C24),"NO DATA",IF(ISNUMBER(FIND(CODES!$A$12,C24)),CODES!$A$12,IF(OR(ISNUMBER(FIND(CODES!$A$10,C24)),ISNUMBER(FIND(CODES!$A$11,C24))),CODES!$A$13,IF(OR(C24<C$39,ISNUMBER(C24)=FALSE),C$40,C24)))) | D51: =IF(ISBLANK(D24),"NO DATA",IF(ISNUMBER(FIND(CODES!$A$12,D24)),CODES!$A$12,IF(OR(ISNUMBER(FIND(CODES!$A$10,D24)),ISNUMBER(FIND(CODES!$A$11,D24))),CODES!$A$13,IF(OR(D24<D$39,ISNUMBER(D24)=FALSE),D$40,D24)))) | E51: =IF(ISBLANK(E24),"NO DATA",IF(ISNUMBER(FIND(CODES!$A$12,E24)),CODES!$A$12,IF(OR(ISNUMBER(FIND(CODES!$A$10,E24)),ISNUMBER(FIND(CODES!$A$11,E24))),CODES!$A$13,IF(OR(E24<E$39,ISNUMBER(E24)=FALSE),E$40,E24)))) | F51: =IF(ISBLANK(F24),"NO DATA",IF(ISNUMBER(FIND(CODES!$A$12,F24)),CODES!$A$12,IF(OR(ISNUMBER(FIND(CODES!$A$10,F24)),ISNUMBER(FIND(CODES!$A$11,F24))),CODES!$A$13,IF(OR(F24<F$39,ISNUMBER(F24)=FALSE),F$40,F24)))) | G51: =IF(ISBLANK(G24),"NO DATA",IF(ISNUMBER(FIND(CODES!$A$12,G24)),CODES!$A$12,IF(OR(ISNUMBER(FIND(CODES!$A$10,G24)),ISNUMBER(FIND(CODES!$A$11,G24))),CODES!$A$13,IF(OR(G24<G$39,ISNUMBER(G24)=FALSE),G$40,G24)))) | H51: =IF(ISBLANK(H24),"NO DATA",IF(ISNUMBER(FIND(CODES!$A$12,H24)),CODES!$A$12,IF(OR(ISNUMBER(FIND(CODES!$A$10,H24)),ISNUMBER(FIND(CODES!$A$11,H24))),CODES!$A$13,IF(OR(H24<H$39,ISNUMBER(H24)=FALSE),H$40,H24)))) | I51: =IF(ISBLANK(I24),"NO DATA",IF(ISNUMBER(FIND(CODES!$A$12,I24)),CODES!$A$12,IF(OR(ISNUMBER(FIND(CODES!$A$10,I24)),ISNUMBER(FIND(CODES!$A$11,I24))),CODES!$A$13,IF(OR(I24<I$39,ISNUMBER(I24)=FALSE),I$40,I24)))) | J51: =IF(ISBLANK(J24),"NO DATA",IF(ISNUMBER(FIND(CODES!$A$12,J24)),CODES!$A$12,IF(OR(ISNUMBER(FIND(CODES!$A$10,J24)),ISNUMBER(FIND(CODES!$A$11,J24))),CODES!$A$13,IF(OR(J24<J$39,ISNUMBER(J24)=FALSE),J$40,J24)))) | ... DI51: =IF(ISBLANK(DI24),"NO DATA",IF(ISNUMBER(FIND(CODES!$A$12,DI24)),CODES!$A$12,IF(OR(ISNUMBER(FIND(CODES!$A$10,DI24)),ISNUMBER(FIND(CODES!$A$11,DI24))),CODES!$A$13,IF(OR(DI24<DI$39,ISNUMBER(DI24)=FALSE),DI$40,DI24))))
A52: =A25 | B52: =B25 | C52: =IF(ISBLANK(C25),"NO DATA",IF(ISNUMBER(FIND(CODES!$A$12,C25)),CODES!$A$12,IF(OR(ISNUMBER(FIND(CODES!$A$10,C25)),ISNUMBER(FIND(CODES!$A$11,C25))),CODES!$A$13,IF(OR(C25<C$39,ISNUMBER(C25)=FALSE),C$40,C25)))) | D52: =IF(ISBLANK(D25),"NO DATA",IF(ISNUMBER(FIND(CODES!$A$12,D25)),CODES!$A$12,IF(OR(ISNUMBER(FIND(CODES!$A$10,D25)),ISNUMBER(FIND(CODES!$A$11,D25))),CODES!$A$13,IF(OR(D25<D$39,ISNUMBER(D25)=FALSE),D$40,D25)))) | E52: =IF(ISBLANK(E25),"NO DATA",IF(ISNUMBER(FIND(CODES!$A$12,E25)),CODES!$A$12,IF(OR(ISNUMBER(FIND(CODES!$A$10,E25)),ISNUMBER(FIND(CODES!$A$11,E25))),CODES!$A$13,IF(OR(E25<E$39,ISNUMBER(E25)=FALSE),E$40,E25)))) | F52: =IF(ISBLANK(F25),"NO DATA",IF(ISNUMBER(FIND(CODES!$A$12,F25)),CODES!$A$12,IF(OR(ISNUMBER(FIND(CODES!$A$10,F25)),ISNUMBER(FIND(CODES!$A$11,F25))),CODES!$A$13,IF(OR(F25<F$39,ISNUMBER(F25)=FALSE),F$40,F25)))) | G52: =IF(ISBLANK(G25),"NO DATA",IF(ISNUMBER(FIND(CODES!$A$12,G25)),CODES!$A$12,IF(OR(ISNUMBER(FIND(CODES!$A$10,G25)),ISNUMBER(FIND(CODES!$A$11,G25))),CODES!$A$13,IF(OR(G25<G$39,ISNUMBER(G25)=FALSE),G$40,G25)))) | H52: =IF(ISBLANK(H25),"NO DATA",IF(ISNUMBER(FIND(CODES!$A$12,H25)),CODES!$A$12,IF(OR(ISNUMBER(FIND(CODES!$A$10,H25)),ISNUMBER(FIND(CODES!$A$11,H25))),CODES!$A$13,IF(OR(H25<H$39,ISNUMBER(H25)=FALSE),H$40,H25)))) | I52: =IF(ISBLANK(I25),"NO DATA",IF(ISNUMBER(FIND(CODES!$A$12,I25)),CODES!$A$12,IF(OR(ISNUMBER(FIND(CODES!$A$10,I25)),ISNUMBER(FIND(CODES!$A$11,I25))),CODES!$A$13,IF(OR(I25<I$39,ISNUMBER(I25)=FALSE),I$40,I25)))) | J52: =IF(ISBLANK(J25),"NO DATA",IF(ISNUMBER(FIND(CODES!$A$12,J25)),CODES!$A$12,IF(OR(ISNUMBER(FIND(CODES!$A$10,J25)),ISNUMBER(FIND(CODES!$A$11,J25))),CODES!$A$13,IF(OR(J25<J$39,ISNUMBER(J25)=FALSE),J$40,J25)))) | ... DI52: =IF(ISBLANK(DI25),"NO DATA",IF(ISNUMBER(FIND(CODES!$A$12,DI25)),CODES!$A$12,IF(OR(ISNUMBER(FIND(CODES!$A$10,DI25)),ISNUMBER(FIND(CODES!$A$11,DI25))),CODES!$A$13,IF(OR(DI25<DI$39,ISNUMBER(DI25)=FALSE),DI$40,DI25))))
A53: =A26 | B53: =B26 | C53: =IF(ISBLANK(C26),"NO DATA",IF(ISNUMBER(FIND(CODES!$A$12,C26)),CODES!$A$12,IF(OR(ISNUMBER(FIND(CODES!$A$10,C26)),ISNUMBER(FIND(CODES!$A$11,C26))),CODES!$A$13,IF(OR(C26<C$39,ISNUMBER(C26)=FALSE),C$40,C26)))) | D53: =IF(ISBLANK(D26),"NO DATA",IF(ISNUMBER(FIND(CODES!$A$12,D26)),CODES!$A$12,IF(OR(ISNUMBER(FIND(CODES!$A$10,D26)),ISNUMBER(FIND(CODES!$A$11,D26))),CODES!$A$13,IF(OR(D26<D$39,ISNUMBER(D26)=FALSE),D$40,D26)))) | E53: =IF(ISBLANK(E26),"NO DATA",IF(ISNUMBER(FIND(CODES!$A$12,E26)),CODES!$A$12,IF(OR(ISNUMBER(FIND(CODES!$A$10,E26)),ISNUMBER(FIND(CODES!$A$11,E26))),CODES!$A$13,IF(OR(E26<E$39,ISNUMBER(E26)=FALSE),E$40,E26)))) | F53: =IF(ISBLANK(F26),"NO DATA",IF(ISNUMBER(FIND(CODES!$A$12,F26)),CODES!$A$12,IF(OR(ISNUMBER(FIND(CODES!$A$10,F26)),ISNUMBER(FIND(CODES!$A$11,F26))),CODES!$A$13,IF(OR(F26<F$39,ISNUMBER(F26)=FALSE),F$40,F26)))) | G53: =IF(ISBLANK(G26),"NO DATA",IF(ISNUMBER(FIND(CODES!$A$12,G26)),CODES!$A$12,IF(OR(ISNUMBER(FIND(CODES!$A$10,G26)),ISNUMBER(FIND(CODES!$A$11,G26))),CODES!$A$13,IF(OR(G26<G$39,ISNUMBER(G26)=FALSE),G$40,G26)))) | H53: =IF(ISBLANK(H26),"NO DATA",IF(ISNUMBER(FIND(CODES!$A$12,H26)),CODES!$A$12,IF(OR(ISNUMBER(FIND(CODES!$A$10,H26)),ISNUMBER(FIND(CODES!$A$11,H26))),CODES!$A$13,IF(OR(H26<H$39,ISNUMBER(H26)=FALSE),H$40,H26)))) | I53: =IF(ISBLANK(I26),"NO DATA",IF(ISNUMBER(FIND(CODES!$A$12,I26)),CODES!$A$12,IF(OR(ISNUMBER(FIND(CODES!$A$10,I26)),ISNUMBER(FIND(CODES!$A$11,I26))),CODES!$A$13,IF(OR(I26<I$39,ISNUMBER(I26)=FALSE),I$40,I26)))) | J53: =IF(ISBLANK(J26),"NO DATA",IF(ISNUMBER(FIND(CODES!$A$12,J26)),CODES!$A$12,IF(OR(ISNUMBER(FIND(CODES!$A$10,J26)),ISNUMBER(FIND(CODES!$A$11,J26))),CODES!$A$13,IF(OR(J26<J$39,ISNUMBER(J26)=FALSE),J$40,J26)))) | ... DI53: =IF(ISBLANK(DI26),"NO DATA",IF(ISNUMBER(FIND(CODES!$A$12,DI26)),CODES!$A$12,IF(OR(ISNUMBER(FIND(CODES!$A$10,DI26)),ISNUMBER(FIND(CODES!$A$11,DI26))),CODES!$A$13,IF(OR(DI26<DI$39,ISNUMBER(DI26)=FALSE),DI$40,DI26))))
A54: =A27 | B54: =B27 | C54: =IF(ISBLANK(C27),"NO DATA",IF(ISNUMBER(FIND(CODES!$A$12,C27)),CODES!$A$12,IF(OR(ISNUMBER(FIND(CODES!$A$10,C27)),ISNUMBER(FIND(CODES!$A$11,C27))),CODES!$A$13,IF(OR(C27<C$39,ISNUMBER(C27)=FALSE),C$40,C27)))) | D54: =IF(ISBLANK(D27),"NO DATA",IF(ISNUMBER(FIND(CODES!$A$12,D27)),CODES!$A$12,IF(OR(ISNUMBER(FIND(CODES!$A$10,D27)),ISNUMBER(FIND(CODES!$A$11,D27))),CODES!$A$13,IF(OR(D27<D$39,ISNUMBER(D27)=FALSE),D$40,D27)))) | E54: =IF(ISBLANK(E27),"NO DATA",IF(ISNUMBER(FIND(CODES!$A$12,E27)),CODES!$A$12,IF(OR(ISNUMBER(FIND(CODES!$A$10,E27)),ISNUMBER(FIND(CODES!$A$11,E27))),CODES!$A$13,IF(OR(E27<E$39,ISNUMBER(E27)=FALSE),E$40,E27)))) | F54: =IF(ISBLANK(F27),"NO DATA",IF(ISNUMBER(FIND(CODES!$A$12,F27)),CODES!$A$12,IF(OR(ISNUMBER(FIND(CODES!$A$10,F27)),ISNUMBER(FIND(CODES!$A$11,F27))),CODES!$A$13,IF(OR(F27<F$39,ISNUMBER(F27)=FALSE),F$40,F27)))) | G54: =IF(ISBLANK(G27),"NO DATA",IF(ISNUMBER(FIND(CODES!$A$12,G27)),CODES!$A$12,IF(OR(ISNUMBER(FIND(CODES!$A$10,G27)),ISNUMBER(FIND(CODES!$A$11,G27))),CODES!$A$13,IF(OR(G27<G$39,ISNUMBER(G27)=FALSE),G$40,G27)))) | H54: =IF(ISBLANK(H27),"NO DATA",IF(ISNUMBER(FIND(CODES!$A$12,H27)),CODES!$A$12,IF(OR(ISNUMBER(FIND(CODES!$A$10,H27)),ISNUMBER(FIND(CODES!$A$11,H27))),CODES!$A$13,IF(OR(H27<H$39,ISNUMBER(H27)=FALSE),H$40,H27)))) | I54: =IF(ISBLANK(I27),"NO DATA",IF(ISNUMBER(FIND(CODES!$A$12,I27)),CODES!$A$12,IF(OR(ISNUMBER(FIND(CODES!$A$10,I27)),ISNUMBER(FIND(CODES!$A$11,I27))),CODES!$A$13,IF(OR(I27<I$39,ISNUMBER(I27)=FALSE),I$40,I27)))) | J54: =IF(ISBLANK(J27),"NO DATA",IF(ISNUMBER(FIND(CODES!$A$12,J27)),CODES!$A$12,IF(OR(ISNUMBER(FIND(CODES!$A$10,J27)),ISNUMBER(FIND(CODES!$A$11,J27))),CODES!$A$13,IF(OR(J27<J$39,ISNUMBER(J27)=FALSE),J$40,J27)))) | ... DI54: =IF(ISBLANK(DI27),"NO DATA",IF(ISNUMBER(FIND(CODES!$A$12,DI27)),CODES!$A$12,IF(OR(ISNUMBER(FIND(CODES!$A$10,DI27)),ISNUMBER(FIND(CODES!$A$11,DI27))),CODES!$A$13,IF(OR(DI27<DI$39,ISNUMBER(DI27)=FALSE),DI$40,DI27))))
A55: =A28 | B55: =B28 | C55: =IF(ISBLANK(C28),"NO DATA",IF(ISNUMBER(FIND(CODES!$A$12,C28)),CODES!$A$12,IF(OR(ISNUMBER(FIND(CODES!$A$10,C28)),ISNUMBER(FIND(CODES!$A$11,C28))),CODES!$A$13,IF(OR(C28<C$39,ISNUMBER(C28)=FALSE),C$40,C28)))) | D55: =IF(ISBLANK(D28),"NO DATA",IF(ISNUMBER(FIND(CODES!$A$12,D28)),CODES!$A$12,IF(OR(ISNUMBER(FIND(CODES!$A$10,D28)),ISNUMBER(FIND(CODES!$A$11,D28))),CODES!$A$13,IF(OR(D28<D$39,ISNUMBER(D28)=FALSE),D$40,D28)))) | E55: =IF(ISBLANK(E28),"NO DATA",IF(ISNUMBER(FIND(CODES!$A$12,E28)),CODES!$A$12,IF(OR(ISNUMBER(FIND(CODES!$A$10,E28)),ISNUMBER(FIND(CODES!$A$11,E28))),CODES!$A$13,IF(OR(E28<E$39,ISNUMBER(E28)=FALSE),E$40,E28)))) | F55: =IF(ISBLANK(F28),"NO DATA",IF(ISNUMBER(FIND(CODES!$A$12,F28)),CODES!$A$12,IF(OR(ISNUMBER(FIND(CODES!$A$10,F28)),ISNUMBER(FIND(CODES!$A$11,F28))),CODES!$A$13,IF(OR(F28<F$39,ISNUMBER(F28)=FALSE),F$40,F28)))) | G55: =IF(ISBLANK(G28),"NO DATA",IF(ISNUMBER(FIND(CODES!$A$12,G28)),CODES!$A$12,IF(OR(ISNUMBER(FIND(CODES!$A$10,G28)),ISNUMBER(FIND(CODES!$A$11,G28))),CODES!$A$13,IF(OR(G28<G$39,ISNUMBER(G28)=FALSE),G$40,G28)))) | H55: =IF(ISBLANK(H28),"NO DATA",IF(ISNUMBER(FIND(CODES!$A$12,H28)),CODES!$A$12,IF(OR(ISNUMBER(FIND(CODES!$A$10,H28)),ISNUMBER(FIND(CODES!$A$11,H28))),CODES!$A$13,IF(OR(H28<H$39,ISNUMBER(H28)=FALSE),H$40,H28)))) | I55: =IF(ISBLANK(I28),"NO DATA",IF(ISNUMBER(FIND(CODES!$A$12,I28)),CODES!$A$12,IF(OR(ISNUMBER(FIND(CODES!$A$10,I28)),ISNUMBER(FIND(CODES!$A$11,I28))),CODES!$A$13,IF(OR(I28<I$39,ISNUMBER(I28)=FALSE),I$40,I28)))) | J55: =IF(ISBLANK(J28),"NO DATA",IF(ISNUMBER(FIND(CODES!$A$12,J28)),CODES!$A$12,IF(OR(ISNUMBER(FIND(CODES!$A$10,J28)),ISNUMBER(FIND(CODES!$A$11,J28))),CODES!$A$13,IF(OR(J28<J$39,ISNUMBER(J28)=FALSE),J$40,J28)))) | ... DI55: =IF(ISBLANK(DI28),"NO DATA",IF(ISNUMBER(FIND(CODES!$A$12,DI28)),CODES!$A$12,IF(OR(ISNUMBER(FIND(CODES!$A$10,DI28)),ISNUMBER(FIND(CODES!$A$11,DI28))),CODES!$A$13,IF(OR(DI28<DI$39,ISNUMBER(DI28)=FALSE),DI$40,DI28))))
A56: =A29 | B56: =B29 | C56: =IF(ISBLANK(C29),"NO DATA",IF(ISNUMBER(FIND(CODES!$A$12,C29)),CODES!$A$12,IF(OR(ISNUMBER(FIND(CODES!$A$10,C29)),ISNUMBER(FIND(CODES!$A$11,C29))),CODES!$A$13,IF(OR(C29<C$39,ISNUMBER(C29)=FALSE),C$40,C29)))) | D56: =IF(ISBLANK(D29),"NO DATA",IF(ISNUMBER(FIND(CODES!$A$12,D29)),CODES!$A$12,IF(OR(ISNUMBER(FIND(CODES!$A$10,D29)),ISNUMBER(FIND(CODES!$A$11,D29))),CODES!$A$13,IF(OR(D29<D$39,ISNUMBER(D29)=FALSE),D$40,D29)))) | E56: =IF(ISBLANK(E29),"NO DATA",IF(ISNUMBER(FIND(CODES!$A$12,E29)),CODES!$A$12,IF(OR(ISNUMBER(FIND(CODES!$A$10,E29)),ISNUMBER(FIND(CODES!$A$11,E29))),CODES!$A$13,IF(OR(E29<E$39,ISNUMBER(E29)=FALSE),E$40,E29)))) | F56: =IF(ISBLANK(F29),"NO DATA",IF(ISNUMBER(FIND(CODES!$A$12,F29)),CODES!$A$12,IF(OR(ISNUMBER(FIND(CODES!$A$10,F29)),ISNUMBER(FIND(CODES!$A$11,F29))),CODES!$A$13,IF(OR(F29<F$39,ISNUMBER(F29)=FALSE),F$40,F29)))) | G56: =IF(ISBLANK(G29),"NO DATA",IF(ISNUMBER(FIND(CODES!$A$12,G29)),CODES!$A$12,IF(OR(ISNUMBER(FIND(CODES!$A$10,G29)),ISNUMBER(FIND(CODES!$A$11,G29))),CODES!$A$13,IF(OR(G29<G$39,ISNUMBER(G29)=FALSE),G$40,G29)))) | H56: =IF(ISBLANK(H29),"NO DATA",IF(ISNUMBER(FIND(CODES!$A$12,H29)),CODES!$A$12,IF(OR(ISNUMBER(FIND(CODES!$A$10,H29)),ISNUMBER(FIND(CODES!$A$11,H29))),CODES!$A$13,IF(OR(H29<H$39,ISNUMBER(H29)=FALSE),H$40,H29)))) | I56: =IF(ISBLANK(I29),"NO DATA",IF(ISNUMBER(FIND(CODES!$A$12,I29)),CODES!$A$12,IF(OR(ISNUMBER(FIND(CODES!$A$10,I29)),ISNUMBER(FIND(CODES!$A$11,I29))),CODES!$A$13,IF(OR(I29<I$39,ISNUMBER(I29)=FALSE),I$40,I29)))) | J56: =IF(ISBLANK(J29),"NO DATA",IF(ISNUMBER(FIND(CODES!$A$12,J29)),CODES!$A$12,IF(OR(ISNUMBER(FIND(CODES!$A$10,J29)),ISNUMBER(FIND(CODES!$A$11,J29))),CODES!$A$13,IF(OR(J29<J$39,ISNUMBER(J29)=FALSE),J$40,J29)))) | ... DI56: =IF(ISBLANK(DI29),"NO DATA",IF(ISNUMBER(FIND(CODES!$A$12,DI29)),CODES!$A$12,IF(OR(ISNUMBER(FIND(CODES!$A$10,DI29)),ISNUMBER(FIND(CODES!$A$11,DI29))),CODES!$A$13,IF(OR(DI29<DI$39,ISNUMBER(DI29)=FALSE),DI$40,DI29))))
A57: =A30 | B57: =B30 | C57: =IF(ISBLANK(C30),"NO DATA",IF(ISNUMBER(FIND(CODES!$A$12,C30)),CODES!$A$12,IF(OR(ISNUMBER(FIND(CODES!$A$10,C30)),ISNUMBER(FIND(CODES!$A$11,C30))),CODES!$A$13,IF(OR(C30<C$39,ISNUMBER(C30)=FALSE),C$40,C30)))) | D57: =IF(ISBLANK(D30),"NO DATA",IF(ISNUMBER(FIND(CODES!$A$12,D30)),CODES!$A$12,IF(OR(ISNUMBER(FIND(CODES!$A$10,D30)),ISNUMBER(FIND(CODES!$A$11,D30))),CODES!$A$13,IF(OR(D30<D$39,ISNUMBER(D30)=FALSE),D$40,D30)))) | E57: =IF(ISBLANK(E30),"NO DATA",IF(ISNUMBER(FIND(CODES!$A$12,E30)),CODES!$A$12,IF(OR(ISNUMBER(FIND(CODES!$A$10,E30)),ISNUMBER(FIND(CODES!$A$11,E30))),CODES!$A$13,IF(OR(E30<E$39,ISNUMBER(E30)=FALSE),E$40,E30)))) | F57: =IF(ISBLANK(F30),"NO DATA",IF(ISNUMBER(FIND(CODES!$A$12,F30)),CODES!$A$12,IF(OR(ISNUMBER(FIND(CODES!$A$10,F30)),ISNUMBER(FIND(CODES!$A$11,F30))),CODES!$A$13,IF(OR(F30<F$39,ISNUMBER(F30)=FALSE),F$40,F30)))) | G57: =IF(ISBLANK(G30),"NO DATA",IF(ISNUMBER(FIND(CODES!$A$12,G30)),CODES!$A$12,IF(OR(ISNUMBER(FIND(CODES!$A$10,G30)),ISNUMBER(FIND(CODES!$A$11,G30))),CODES!$A$13,IF(OR(G30<G$39,ISNUMBER(G30)=FALSE),G$40,G30)))) | H57: =IF(ISBLANK(H30),"NO DATA",IF(ISNUMBER(FIND(CODES!$A$12,H30)),CODES!$A$12,IF(OR(ISNUMBER(FIND(CODES!$A$10,H30)),ISNUMBER(FIND(CODES!$A$11,H30))),CODES!$A$13,IF(OR(H30<H$39,ISNUMBER(H30)=FALSE),H$40,H30)))) | I57: =IF(ISBLANK(I30),"NO DATA",IF(ISNUMBER(FIND(CODES!$A$12,I30)),CODES!$A$12,IF(OR(ISNUMBER(FIND(CODES!$A$10,I30)),ISNUMBER(FIND(CODES!$A$11,I30))),CODES!$A$13,IF(OR(I30<I$39,ISNUMBER(I30)=FALSE),I$40,I30)))) | J57: =IF(ISBLANK(J30),"NO DATA",IF(ISNUMBER(FIND(CODES!$A$12,J30)),CODES!$A$12,IF(OR(ISNUMBER(FIND(CODES!$A$10,J30)),ISNUMBER(FIND(CODES!$A$11,J30))),CODES!$A$13,IF(OR(J30<J$39,ISNUMBER(J30)=FALSE),J$40,J30)))) | ... DI57: =IF(ISBLANK(DI30),"NO DATA",IF(ISNUMBER(FIND(CODES!$A$12,DI30)),CODES!$A$12,IF(OR(ISNUMBER(FIND(CODES!$A$10,DI30)),ISNUMBER(FIND(CODES!$A$11,DI30))),CODES!$A$13,IF(OR(DI30<DI$39,ISNUMBER(DI30)=FALSE),DI$40,DI30))))
... A65: =A38 | B65: =B38 | C65: =IF(ISBLANK(C38),"NO DATA",IF(ISNUMBER(FIND(CODES!$A$12,C38)),CODES!$A$12,IF(OR(ISNUMBER(FIND(CODES!$A$10,C38)),ISNUMBER(FIND(CODES!$A$11,C38))),CODES!$A$13,IF(OR(C38<C$39,ISNUMBER(C38)=FALSE),C$40,C38)))) | D65: =IF(ISBLANK(D38),"NO DATA",IF(ISNUMBER(FIND(CODES!$A$12,D38)),CODES!$A$12,IF(OR(ISNUMBER(FIND(CODES!$A$10,D38)),ISNUMBER(FIND(CODES!$A$11,D38))),CODES!$A$13,IF(OR(D38<D$39,ISNUMBER(D38)=FALSE),D$40,D38)))) | E65: =IF(ISBLANK(E38),"NO DATA",IF(ISNUMBER(FIND(CODES!$A$12,E38)),CODES!$A$12,IF(OR(ISNUMBER(FIND(CODES!$A$10,E38)),ISNUMBER(FIND(CODES!$A$11,E38))),CODES!$A$13,IF(OR(E38<E$39,ISNUMBER(E38)=FALSE),E$40,E38)))) | F65: =IF(ISBLANK(F38),"NO DATA",IF(ISNUMBER(FIND(CODES!$A$12,F38)),CODES!$A$12,IF(OR(ISNUMBER(FIND(CODES!$A$10,F38)),ISNUMBER(FIND(CODES!$A$11,F38))),CODES!$A$13,IF(OR(F38<F$39,ISNUMBER(F38)=FALSE),F$40,F38)))) | G65: =IF(ISBLANK(G38),"NO DATA",IF(ISNUMBER(FIND(CODES!$A$12,G38)),CODES!$A$12,IF(OR(ISNUMBER(FIND(CODES!$A$10,G38)),ISNUMBER(FIND(CODES!$A$11,G38))),CODES!$A$13,IF(OR(G38<G$39,ISNUMBER(G38)=FALSE),G$40,G38)))) | H65: =IF(ISBLANK(H38),"NO DATA",IF(ISNUMBER(FIND(CODES!$A$12,H38)),CODES!$A$12,IF(OR(ISNUMBER(FIND(CODES!$A$10,H38)),ISNUMBER(FIND(CODES!$A$11,H38))),CODES!$A$13,IF(OR(H38<H$39,ISNUMBER(H38)=FALSE),H$40,H38)))) | I65: =IF(ISBLANK(I38),"NO DATA",IF(ISNUMBER(FIND(CODES!$A$12,I38)),CODES!$A$12,IF(OR(ISNUMBER(FIND(CODES!$A$10,I38)),ISNUMBER(FIND(CODES!$A$11,I38))),CODES!$A$13,IF(OR(I38<I$39,ISNUMBER(I38)=FALSE),I$40,I38)))) | J65: =IF(ISBLANK(J38),"NO DATA",IF(ISNUMBER(FIND(CODES!$A$12,J38)),CODES!$A$12,IF(OR(ISNUMBER(FIND(CODES!$A$10,J38)),ISNUMBER(FIND(CODES!$A$11,J38))),CODES!$A$13,IF(OR(J38<J$39,ISNUMBER(J38)=FALSE),J$40,J38)))) | ... DI65: =IF(ISBLANK(DI38),"NO DATA",IF(ISNUMBER(FIND(CODES!$A$12,DI38)),CODES!$A$12,IF(OR(ISNUMBER(FIND(CODES!$A$10,DI38)),ISNUMBER(FIND(CODES!$A$11,DI38))),CODES!$A$13,IF(OR(DI38<DI$39,ISNUMBER(DI38)=FALSE),DI$40,DI38))))
A68: PERFORMANCE CHECK CALCULATIONS
A69: ADJUSTMENT FOR <RL *DO NOT ADJUST* | C69: =C17 | D69: =D17 | E69: =E17 | F69: =F17 | G69: =G17 | H69: =H17 | I69: =I17 | J69: =J17 | ... DI69: =DI17
A70: Sample Name | B70: Comment | C70: =C18 | D70: =D18 | E70: =E18 | F70: =F18 | G70: =G18 | H70: =H18 | I70: =I18 | J70: =J18 | ... DI70: =DI18
A71: =A19 | B71: =B19 | C71: =IF(C46=C$40,0,C46) | D71: =IF(D46=D$40,0,D46) | E71: =IF(E46=E$40,0,E46) | F71: =IF(F46=F$40,0,F46) | G71: =IF(G46=G$40,0,G46) | H71: =IF(H46=H$40,0,H46) | I71: =IF(I46=I$40,0,I46) | J71: =IF(J46=J$40,0,J46) | ... DI71: =IF(DI46=DI$40,0,DI46)
A72: =A20 | B72: =B20 | C72: =IF(C47=C$40,0,C47) | D72: =IF(D47=D$40,0,D47) | E72: =IF(E47=E$40,0,E47) | F72: =IF(F47=F$40,0,F47) | G72: =IF(G47=G$40,0,G47) | H72: =IF(H47=H$40,0,H47) | I72: =IF(I47=I$40,0,I47) | J72: =IF(J47=J$40,0,J47) | ... DI72: =IF(DI47=DI$40,0,DI47)
A73: =A21 | B73: =B21 | C73: =IF(C48=C$40,0,C48) | D73: =IF(D48=D$40,0,D48) | E73: =IF(E48=E$40,0,E48) | F73: =IF(F48=F$40,0,F48) | G73: =IF(G48=G$40,0,G48) | H73: =IF(H48=H$40,0,H48) | I73: =IF(I48=I$40,0,I48) | J73: =IF(J48=J$40,0,J48) | ... DI73: =IF(DI48=DI$40,0,DI48)
A74: =A22 | B74: =B22 | C74: =IF(C49=C$40,0,C49) | D74: =IF(D49=D$40,0,D49) | E74: =IF(E49=E$40,0,E49) | F74: =IF(F49=F$40,0,F49) | G74: =IF(G49=G$40,0,G49) | H74: =IF(H49=H$40,0,H49) | I74: =IF(I49=I$40,0,I49) | J74: =IF(J49=J$40,0,J49) | ... DI74: =IF(DI49=DI$40,0,DI49)
A75: =A23 | B75: =B23 | C75: =IF(C50=C$40,0,C50) | D75: =IF(D50=D$40,0,D50) | E75: =IF(E50=E$40,0,E50) | F75: =IF(F50=F$40,0,F50) | G75: =IF(G50=G$40,0,G50) | H75: =IF(H50=H$40,0,H50) | I75: =IF(I50=I$40,0,I50) | J75: =IF(J50=J$40,0,J50) | ... DI75: =IF(DI50=DI$40,0,DI50)
A76: =A24 | B76: =B24 | C76: =IF(C51=C$40,0,C51) | D76: =IF(D51=D$40,0,D51) | E76: =IF(E51=E$40,0,E51) | F76: =IF(F51=F$40,0,F51) | G76: =IF(G51=G$40,0,G51) | H76: =IF(H51=H$40,0,H51) | I76: =IF(I51=I$40,0,I51) | J76: =IF(J51=J$40,0,J51) | ... DI76: =IF(DI51=DI$40,0,DI51)
A77: =A25 | B77: =B25 | C77: =IF(C52=C$40,0,C52) | D77: =IF(D52=D$40,0,D52) | E77: =IF(E52=E$40,0,E52) | F77: =IF(F52=F$40,0,F52) | G77: =IF(G52=G$40,0,G52) | H77: =IF(H52=H$40,0,H52) | I77: =IF(I52=I$40,0,I52) | J77: =IF(J52=J$40,0,J52) | ... DI77: =IF(DI52=DI$40,0,DI52)
A78: =A26 | B78: =B26 | C78: =IF(C53=C$40,0,C53) | D78: =IF(D53=D$40,0,D53) | E78: =IF(E53=E$40,0,E53) | F78: =IF(F53=F$40,0,F53) | G78: =IF(G53=G$40,0,G53) | H78: =IF(H53=H$40,0,H53) | I78: =IF(I53=I$40,0,I53) | J78: =IF(J53=J$40,0,J53) | ... DI78: =IF(DI53=DI$40,0,DI53)
A79: =A27 | B79: =B27 | C79: =IF(C54=C$40,0,C54) | D79: =IF(D54=D$40,0,D54) | E79: =IF(E54=E$40,0,E54) | F79: =IF(F54=F$40,0,F54) | G79: =IF(G54=G$40,0,G54) | H79: =IF(H54=H$40,0,H54) | I79: =IF(I54=I$40,0,I54) | J79: =IF(J54=J$40,0,J54) | ... DI79: =IF(DI54=DI$40,0,DI54)
A80: =A28 | B80: =B28 | C80: =IF(C55=C$40,0,C55) | D80: =IF(D55=D$40,0,D55) | E80: =IF(E55=E$40,0,E55) | F80: =IF(F55=F$40,0,F55) | G80: =IF(G55=G$40,0,G55) | H80: =IF(H55=H$40,0,H55) | I80: =IF(I55=I$40,0,I55) | J80: =IF(J55=J$40,0,J55) | ... DI80: =IF(DI55=DI$40,0,DI55)
A81: =A29 | B81: =B29 | C81: =IF(C56=C$40,0,C56) | D81: =IF(D56=D$40,0,D56) | E81: =IF(E56=E$40,0,E56) | F81: =IF(F56=F$40,0,F56) | G81: =IF(G56=G$40,0,G56) | H81: =IF(H56=H$40,0,H56) | I81: =IF(I56=I$40,0,I56) | J81: =IF(J56=J$40,0,J56) | ... DI81: =IF(DI56=DI$40,0,DI56)
A82: =A30 | B82: =B30 | C82: =IF(C57=C$40,0,C57) | D82: =IF(D57=D$40,0,D57) | E82: =IF(E57=E$40,0,E57) | F82: =IF(F57=F$40,0,F57) | G82: =IF(G57=G$40,0,G57) | H82: =IF(H57=H$40,0,H57) | I82: =IF(I57=I$40,0,I57) | J82: =IF(J57=J$40,0,J57) | ... DI82: =IF(DI57=DI$40,0,DI57)
A83: =A31 | B83: =B31
A84: =A32 | B84: =B32
A85: =A33 | B85: =B33
A86: =A34 | B86: =B34
A87: =A35 | B87: =B35
A88: =A36 | B88: =B36
A89: =A37 | B89: =B37
A90: =A38 | B90: =B38
A93: PERFORMANCE CHECK CALCULATIONS
A94: PERCENT RECOVERIES, RPD, or PASS / FAIL *DO NOT ADJUST* | C94: =C17 | D94: =D17 | E94: =E17 | F94: =F17 | G94: =G17 | H94: =H17 | I94: =I17 | J94: =J17 | ... DI94: =DI17
A95: Sample Name | B95: Comment | C95: =C18 | D95: =D18 | E95: =E18 | F95: =F18 | G95: =G18 | H95: =H18 | I95: =I18 | J95: =J18 | ... DI95: =DI18
A96: =A19 | B96: =B19 | C96: =IF(C46=C40,"PASS","FAIL") | D96: =IF(D46=D40,"PASS","FAIL") | E96: =IF(E46=E40,"PASS","FAIL") | F96: =IF(F46=F40,"PASS","FAIL") | G96: =IF(G46=G40,"PASS","FAIL") | H96: =IF(H46=H40,"PASS","FAIL") | I96: =IF(I46=I40,"PASS","FAIL") | J96: =IF(J46=J40,"PASS","FAIL") | ... DI96: =IF(DI46=DI40,"PASS","FAIL")
A97: =A20 | B97: =B20 | C97: =((C72)/CODES!$B$49)*100 | D97: =((D72)/CODES!$B$49)*100 | E97: =((E72)/CODES!$B$49)*100 | F97: =((F72)/CODES!$B$49)*100 | G97: =((G72)/CODES!$B$49)*100 | H97: =((H72)/CODES!$B$49)*100 | I97: =((I72)/CODES!$B$49)*100 | J97: =((J72)/CODES!$B$49)*100 | ... DI97: =((DI72)/CODES!$B$49)*100
A98: =A21 | B98: =B21 | C98: =((C73)/CODES!$B$49)*100 | D98: =((D73)/CODES!$B$49)*100 | E98: =((E73)/CODES!$B$49)*100 | F98: =((F73)/CODES!$B$49)*100 | G98: =((G73)/CODES!$B$49)*100 | H98: =((H73)/CODES!$B$49)*100 | I98: =((I73)/CODES!$B$49)*100 | J98: =((J73)/CODES!$B$49)*100 | ... DI98: =((DI73)/CODES!$B$49)*100
A99: =A22 | B99: =B22 | C99: =IF(C49=C40,"PASS","FAIL") | D99: =IF(D49=D40,"PASS","FAIL") | E99: =IF(E49=E40,"PASS","FAIL") | F99: =IF(F49=F40,"PASS","FAIL") | G99: =IF(G49=G40,"PASS","FAIL") | H99: =IF(H49=H40,"PASS","FAIL") | I99: =IF(I49=I40,"PASS","FAIL") | J99: =IF(J49=J40,"PASS","FAIL") | ... DI99: =IF(DI49=DI40,"PASS","FAIL")
A100: =A23 | B100: =B23 | C100: =((C75-C74)/CODES!$B$48)*100 | D100: =((D75-D74)/CODES!$B$48)*100 | E100: =((E75-E74)/CODES!$B$48)*100 | F100: =((F75-F74)/CODES!$B$48)*100 | G100: =((G75-G74)/CODES!$B$48)*100 | H100: =((H75-H74)/CODES!$B$48)*100 | I100: =((I75-I74)/CODES!$B$48)*100 | J100: =((J75-J74)/CODES!$B$48)*100 | ... AN100: =((AN75-AN74)/CODES!$B$48)*100 | AO100: =((AO75-AO74)/CODES!$C$48)*100 | AP100: =((AP75-AP74)/CODES!$C$48)*100 | AQ100: =((AQ75-AQ74)/CODES!$B$48)*100 | AR100: =((AR75-AR74)/CODES!$B$48)*100 | AS100: =((AS75-AS74)/CODES!$B$48)*100 | AT100: =((AT75-AT74)/CODES!$B$48)*100 | AU100: =((AU75-AU74)/CODES!$B$48)*100 | AV100: =((AV75-AV74)/CODES!$B$48)*100 | AW100: =((AW75-AW74)/CODES!$B$48)*100 | AX100: =((AX75-AX74)/CODES!$B$48)*100 | ... DI100: =((DI75-DI74)/CODES!$B$48)*100
A101: =A25 | B101: =B25 | C101: =IF(AND(C76=0,C77=0),"PASS, Both <RL",(ABS(C77-C76)/((C77+C76)/2))*100) | D101: =IF(AND(D76=0,D77=0),"PASS, Both <RL",(ABS(D77-D76)/((D77+D76)/2))*100) | E101: =IF(AND(E76=0,E77=0),"PASS, Both <RL",(ABS(E77-E76)/((E77+E76)/2))*100) | F101: =IF(AND(F76=0,F77=0),"PASS, Both <RL",(ABS(F77-F76)/((F77+F76)/2))*100) | G101: =IF(AND(G76=0,G77=0),"PASS, Both <RL",(ABS(G77-G76)/((G77+G76)/2))*100) | H101: =IF(AND(H76=0,H77=0),"PASS, Both <RL",(ABS(H77-H76)/((H77+H76)/2))*100) | I101: =IF(AND(I76=0,I77=0),"PASS, Both <RL",(ABS(I77-I76)/((I77+I76)/2))*100) | J101: =IF(AND(J76=0,J77=0),"PASS, Both <RL",(ABS(J77-J76)/((J77+J76)/2))*100) | ... DI101: =IF(AND(DI76=0,DI77=0),"PASS, Both <RL",(ABS(DI77-DI76)/((DI77+DI76)/2))*100)
A102: =A27 | B102: =B27 | C102: =IF(C53=C40,((C79-C78)/CODES!$B$48)*100,IF(CODES!$B$48/C78<0.3,"Spike < 30% of Sample Matrix",((C79-C78)/CODES!$B$48)*100)) | D102: =IF(D53=D40,((D79-D78)/CODES!$B$48)*100,IF(CODES!$B$48/D78<0.3,"Spike < 30% of Sample Matrix",((D79-D78)/CODES!$B$48)*100)) | E102: =IF(E53=E40,((E79-E78)/CODES!$B$48)*100,IF(CODES!$B$48/E78<0.3,"Spike < 30% of Sample Matrix",((E79-E78)/CODES!$B$48)*100)) | F102: =IF(F53=F40,((F79-F78)/CODES!$B$48)*100,IF(CODES!$B$48/F78<0.3,"Spike < 30% of Sample Matrix",((F79-F78)/CODES!$B$48)*100)) | G102: =IF(G53=G40,((G79-G78)/CODES!$B$48)*100,IF(CODES!$B$48/G78<0.3,"Spike < 30% of Sample Matrix",((G79-G78)/CODES!$B$48)*100)) | H102: =IF(H53=H40,((H79-H78)/CODES!$B$48)*100,IF(CODES!$B$48/H78<0.3,"Spike < 30% of Sample Matrix",((H79-H78)/CODES!$B$48)*100)) | I102: =IF(I53=I40,((I79-I78)/CODES!$B$48)*100,IF(CODES!$B$48/I78<0.3,"Spike < 30% of Sample Matrix",((I79-I78)/CODES!$B$48)*100)) | J102: =IF(J53=J40,((J79-J78)/CODES!$B$48)*100,IF(CODES!$B$48/J78<0.3,"Spike < 30% of Sample Matrix",((J79-J78)/CODES!$B$48)*100)) | ... DI102: =IF(DI53=DI40,((DI79-DI78)/CODES!$B$48)*100,IF(CODES!$B$48/DI78<0.3,"Spike < 30% of Sample Matrix",((DI79-DI78)/CODES!$B$48)*100))
A103: =A28 | B103: =B28 | C103: =((C80-C71)/CODES!$B$48)*100 | D103: =((D80-D71)/CODES!$B$48)*100 | E103: =((E80-E71)/CODES!$B$48)*100 | F103: =((F80-F71)/CODES!$B$48)*100 | G103: =((G80-G71)/CODES!$B$48)*100 | H103: =((H80-H71)/CODES!$B$48)*100 | I103: =((I80-I71)/CODES!$B$48)*100 | J103: =((J80-J71)/CODES!$B$48)*100 | ... AN103: =((AN80-AN71)/CODES!$B$48)*100 | AO103: =((AO80-AO71)/CODES!$C$48)*100 | AP103: =((AP80-AP71)/CODES!$C$48)*100 | AQ103: =((AQ80-AQ71)/CODES!$B$48)*100 | AR103: =((AR80-AR71)/CODES!$B$48)*100 | AS103: =((AS80-AS71)/CODES!$B$48)*100 | AT103: =((AT80-AT71)/CODES!$B$48)*100 | AU103: =((AU80-AU71)/CODES!$B$48)*100 | AV103: =((AV80-AV71)/CODES!$B$48)*100 | AW103: =((AW80-AW71)/CODES!$B$48)*100 | AX103: =((AX80-AX71)/CODES!$B$48)*100 | ... DI103: =((DI80-DI71)/CODES!$B$48)*100
A104: =A29 | B104: =B29 | C104: =((C81-C71)/CODES!$B$48)*100 | D104: =((D81-D71)/CODES!$B$48)*100 | E104: =((E81-E71)/CODES!$B$48)*100 | F104: =((F81-F71)/CODES!$B$48)*100 | G104: =((G81-G71)/CODES!$B$48)*100 | H104: =((H81-H71)/CODES!$B$48)*100 | I104: =((I81-I71)/CODES!$B$48)*100 | J104: =((J81-J71)/CODES!$B$48)*100 | ... AN104: =((AN81-AN71)/CODES!$B$48)*100 | AO104: =((AO81-AO71)/CODES!$C$48)*100 | AP104: =((AP81-AP71)/CODES!$C$48)*100 | AQ104: =((AQ81-AQ71)/CODES!$B$48)*100 | AR104: =((AR81-AR71)/CODES!$B$48)*100 | AS104: =((AS81-AS71)/CODES!$B$48)*100 | AT104: =((AT81-AT71)/CODES!$B$48)*100 | AU104: =((AU81-AU71)/CODES!$B$48)*100 | AV104: =((AV81-AV71)/CODES!$B$48)*100 | AW104: =((AW81-AW71)/CODES!$B$48)*100 | AX104: =((AX81-AX71)/CODES!$B$48)*100 | ... DI104: =((DI81-DI71)/CODES!$B$48)*100
A105: =A30 | B105: =B30 | C105: =((C82)/CODES!$B$50)*100 | D105: =((D82)/CODES!$B$50)*100 | E105: =((E82)/CODES!$B$50)*100 | F105: =((F82)/CODES!$B$50)*100 | G105: =((G82)/CODES!$B$50)*100 | H105: =((H82)/CODES!$B$50)*100 | I105: =((I82)/CODES!$B$50)*100 | J105: =((J82)/CODES!$B$50)*100 | ... DI105: =((DI82)/CODES!$B$50)*100
A106: =A31 | B106: =B31 | C106: =IF(C99="FAIL",IF(C74/C76*100<CODES!$C$36,"<10% Matrix",">10% Matrix"),"N.A.") | D106: =IF(D99="FAIL",IF(D74/D76*100<CODES!$C$36,"<10% Matrix",">10% Matrix"),"N.A.") | E106: =IF(E99="FAIL",IF(E74/E76*100<CODES!$C$36,"<10% Matrix",">10% Matrix"),"N.A.") | F106: =IF(F99="FAIL",IF(F74/F76*100<CODES!$C$36,"<10% Matrix",">10% Matrix"),"N.A.") | G106: =IF(G99="FAIL",IF(G74/G76*100<CODES!$C$36,"<10% Matrix",">10% Matrix"),"N.A.") | H106: =IF(H99="FAIL",IF(H74/H76*100<CODES!$C$36,"<10% Matrix",">10% Matrix"),"N.A.") | I106: =IF(I99="FAIL",IF(I74/I76*100<CODES!$C$36,"<10% Matrix",">10% Matrix"),"N.A.") | J106: =IF(J99="FAIL",IF(J74/J76*100<CODES!$C$36,"<10% Matrix",">10% Matrix"),"N.A.") | ... DI106: =IF(DI99="FAIL",IF(DI74/DI76*100<CODES!$C$36,"<10% Matrix",">10% Matrix"),"N.A.")
A107: =A32 | B107: =B32 | C107: =IF(C99="FAIL",IF(C74<CODES!$D$36*C39,"<2.2X RL",">2.2X RL"),"N.A.") | D107: =IF(D99="FAIL",IF(D74<CODES!$D$36*D39,"<2.2X RL",">2.2X RL"),"N.A.") | E107: =IF(E99="FAIL",IF(E74<CODES!$D$36*E39,"<2.2X RL",">2.2X RL"),"N.A.") | F107: =IF(F99="FAIL",IF(F74<CODES!$D$36*F39,"<2.2X RL",">2.2X RL"),"N.A.") | G107: =IF(G99="FAIL",IF(G74<CODES!$D$36*G39,"<2.2X RL",">2.2X RL"),"N.A.") | H107: =IF(H99="FAIL",IF(H74<CODES!$D$36*H39,"<2.2X RL",">2.2X RL"),"N.A.") | I107: =IF(I99="FAIL",IF(I74<CODES!$D$36*I39,"<2.2X RL",">2.2X RL"),"N.A.") | J107: =IF(J99="FAIL",IF(J74<CODES!$D$36*J39,"<2.2X RL",">2.2X RL"),"N.A.") | ... DI107: =IF(DI99="FAIL",IF(DI74<CODES!$D$36*DI39,"<2.2X RL",">2.2X RL"),"N.A.")
A108: =A33 | B108: =B33
A109: =A34 | B109: =B34
A110: =A35 | B110: =B35
A111: =A36 | B111: =B36
A112: =A37 | B112: =B37
A113: =A38 | B113: =B38
A114: *THIS TABLE HAS TWO ROWS REMOVED (IF EDITING, TAKE THIS INTO ACCOUNT)*

Sheet SUMMARY TABLE
A1: REPORT ICPOES QA/QC DATA
A3: =INSTRUCTIONS!A3
B5: ="BATCH "&BATCH!B4
B7: Total Metals | C7: Units | D7: {=TRANSPOSE(BATCH!A96:A107)} | E7: IPC CCV5 after Calibration | F7: IPC CCV5 after Batch | G7: Digest Method Blank (LRB) | H7: Digest LFB | I7: SAMPLE DUPLICATE, RPD Calculated | J7: LFM Spike | K7: Instrument LFB | L7: Instrument Interference Check | M7: Instrument ICV | N7: Digest Method Blank Comparison to Sample Matrix | O7: Digest Method Blank Comparison to 2.2X RL
B8: Silver | C8: =CODES!$A$17 | D8: {=TRANSPOSE(BATCH!C96:C107)}
B9: Aluminum | C9: =CODES!$A$17 | D9: {=TRANSPOSE(BATCH!E96:E107)}
B10: Arsenic | C10: =CODES!$A$17 | D10: {=TRANSPOSE(BATCH!F96:F107)}
B11: Boron | C11: =CODES!$A$17 | D11: {=TRANSPOSE(BATCH!I96:I107)}
B12: Barium | C12: =CODES!$A$17 | D12: {=TRANSPOSE(BATCH!K96:K107)}
B13: Beryllium | C13: =CODES!$A$17 | D13: {=TRANSPOSE(BATCH!M96:M107)}
B14: Calcium | C14: =CODES!$A$17 | D14: {=TRANSPOSE(BATCH!P96:P107)}
B15: Cadmium | C15: =CODES!$A$17 | D15: {=TRANSPOSE(BATCH!R96:R107)}
B16: Cerium | C16: =CODES!$A$17 | D16: {=TRANSPOSE(BATCH!T96:T107)}
B17: Cobalt | C17: =CODES!$A$17 | D17: {=TRANSPOSE(BATCH!V96:V107)}
B18: Chromium | C18: =CODES!$A$17 | D18: {=TRANSPOSE(BATCH!Y96:Y107)}
B19: Copper | C19: =CODES!$A$17 | D19: {=TRANSPOSE(BATCH!Z96:Z107)}
B20: Dysprosium | C20: =CODES!$A$17 | D20: {=TRANSPOSE(BATCH!AB96:AB107)}
B21: Erbium | C21: =CODES!$A$17 | D21: {=TRANSPOSE(BATCH!AD96:AD107)}
B22: Europium | C22: =CODES!$A$17 | D22: {=TRANSPOSE(BATCH!AF96:AF107)}
B23: Iron | C23: =CODES!$A$17 | D23: {=TRANSPOSE(BATCH!AH96:AH107)}
B24: Gallium | C24: =CODES!$A$17 | D24: {=TRANSPOSE(BATCH!AI96:AI107)}
B25: Gadolinium | C25: =CODES!$A$17 | D25: {=TRANSPOSE(BATCH!AL96:AL107)}
B26: Hafnium | C26: =CODES!$A$17 | D26: {=TRANSPOSE(BATCH!AN96:AN107)}
B27: Mercury | C27: =CODES!$A$16 | D27: {=TRANSPOSE(BATCH!AP96:AP107)}
B28: Holmium | C28: =CODES!$A$17 | D28: {=TRANSPOSE(BATCH!AR96:AR107)}
B29: Potassium | C29: =CODES!$A$17 | D29: {=TRANSPOSE(BATCH!AS96:AS107)}
B30: Lanthanum | C30: =CODES!$A$17 | D30: {=TRANSPOSE(BATCH!AT96:AT107)}
B31: Lutetium | C31: =CODES!$A$17 | D31: {=TRANSPOSE(BATCH!AX96:AX107)}
B32: Magnesium | C32: =CODES!$A$17 | D32: {=TRANSPOSE(BATCH!AZ96:AZ107)}
B33: Manganese | C33: =CODES!$A$17 | D33: {=TRANSPOSE(BATCH!BB96:BB107)}
B34: Molybdenum | C34: =CODES!$A$17 | D34: {=TRANSPOSE(BATCH!BD96:BD107)}
B35: Sodium | C35: =CODES!$A$17 | D35: {=TRANSPOSE(BATCH!BG96:BG107)}
B36: Niobium | C36: =CODES!$A$17 | D36: {=TRANSPOSE(BATCH!BI96:BI107)}
B37: Neodymium | C37: =CODES!$A$17 | D37: {=TRANSPOSE(BATCH!BJ96:BJ107)}
B38: Nickel | C38: =CODES!$A$17 | D38: {=TRANSPOSE(BATCH!BM96:BM107)}
B39: Phosphorus | C39: =CODES!$A$17 | D39: {=TRANSPOSE(BATCH!BP96:BP107)}
B40: Lead | C40: =CODES!$A$17 | D40: {=TRANSPOSE(BATCH!BQ96:BQ107)}
B41: Rubidium | C41: =CODES!$A$17 | D41: {=TRANSPOSE(BATCH!BR96:BR107)}
B42: Sulfur | C42: =CODES!$A$17 | D42: {=TRANSPOSE(BATCH!BT96:BT107)}
B43: Antimony | C43: =CODES!$A$17 | D43: {=TRANSPOSE(BATCH!BU96:BU107)}
B44: Selenium | C44: =CODES!$A$17 | D44: {=TRANSPOSE(BATCH!BY96:BY107)}
B45: Silicon | C45: =CODES!$A$17 | D45: {=TRANSPOSE(BATCH!CA96:CA107)}
B46: Samarium | C46: =CODES!$A$17 | D46: {=TRANSPOSE(BATCH!CC96:CC107)}
B47: Tin | C47: =CODES!$A$17 | D47: {=TRANSPOSE(BATCH!CE96:CE107)}
B48: Strontium | C48: =CODES!$A$17 | D48: {=TRANSPOSE(BATCH!CG96:CG107)}
B49: Tantalum | C49: =CODES!$A$17 | D49: {=TRANSPOSE(BATCH!CJ96:CJ107)}
B50: Tellurium | C50: =CODES!$A$17 | D50: {=TRANSPOSE(BATCH!CL96:CL107)}
B51: Thorium | C51: =CODES!$A$17 | D51: {=TRANSPOSE(BATCH!CN96:CN107)}
B52: Titanium | C52: =CODES!$A$17 | D52: {=TRANSPOSE(BATCH!CO96:CO107)}
B53: Thallium | C53: =CODES!$A$17 | D53: {=TRANSPOSE(BATCH!CQ96:CQ107)}
B54: Thulium | C54: =CODES!$A$17 | D54: {=TRANSPOSE(BATCH!CT96:CT107)}
B55: Uranium | C55: =CODES!$A$17 | D55: {=TRANSPOSE(BATCH!CW96:CW107)}
B56: Vanadium | C56: =CODES!$A$17 | D56: {=TRANSPOSE(BATCH!CX96:CX107)}
B57: Tungsten | C57: =CODES!$A$17 | D57: {=TRANSPOSE(BATCH!CZ96:CZ107)}
B58: Ytterbium | C58: =CODES!$A$17 | D58: {=TRANSPOSE(BATCH!DD96:DD107)}
B59: Zinc | C59: =CODES!$A$17 | D59: {=TRANSPOSE(BATCH!DG96:DG107)}
B60: Zirconium | C60: =CODES!$A$17 | D60: {=TRANSPOSE(BATCH!DI96:DI107)}
B63: Total Metals | C63: Units
B64: =B8 | C64: =C8 | D64: =D8 | E64: =IF(AND(E8>=CODES!$C$34,E8<=CODES!$D$34),"PASS","FAIL") | F64: =IF(AND(F8>=CODES!$C$35,F8<=CODES!$D$35),"PASS","FAIL") | G64: =G8 | H64: =IF(AND(H8>=CODES!$C$37,H8<=CODES!$D$37),"PASS","FAIL") | I64: =IF(ISTEXT(I8),I8,IF(ISERROR(I8),"CHECK DUP",IF(I8>CODES!$B$39,"FAIL","PASS"))) | J64: =IF(AND(J8>=CODES!$C$41,J8<=CODES!$D$41),"PASS","FAIL") | K64: =IF(AND(K8>=CODES!$C$42,K8<=CODES!$D$42),"PASS","FAIL") | L64: =IF(AND(L8>=CODES!$C$43,L8<=CODES!$D$43),"PASS","FAIL") | M64: =IF(AND(M8>=CODES!$C$44,M8<=CODES!$D$44),"PASS","FAIL") | N64: =IF(ISERROR(N8),"Over-range Error",N8) | O64: =O8
B65: =B9 | C65: =C9 | D65: =D9 | E65: =IF(AND(E9>=CODES!$C$34,E9<=CODES!$D$34),"PASS","FAIL") | F65: =IF(AND(F9>=CODES!$C$35,F9<=CODES!$D$35),"PASS","FAIL") | G65: =G9 | H65: =IF(AND(H9>=CODES!$C$37,H9<=CODES!$D$37),"PASS","FAIL") | I65: =IF(ISTEXT(I9),I9,IF(ISERROR(I9),"CHECK DUP",IF(I9>CODES!$B$39,"FAIL","PASS"))) | J65: =IF(AND(J9>=CODES!$C$41,J9<=CODES!$D$41),"PASS","FAIL") | K65: =IF(AND(K9>=CODES!$C$42,K9<=CODES!$D$42),"PASS","FAIL") | M65: =IF(AND(M9>=CODES!$C$44,M9<=CODES!$D$44),"PASS","FAIL") | N65: =IF(ISERROR(N9),"Over-range Error",N9) | O65: =O9
B66: =B10 | C66: =C10 | D66: =D10 | E66: =IF(AND(E10>=CODES!$C$34,E10<=CODES!$D$34),"PASS","FAIL") | F66: =IF(AND(F10>=CODES!$C$35,F10<=CODES!$D$35),"PASS","FAIL") | G66: =G10 | H66: =IF(AND(H10>=CODES!$C$37,H10<=CODES!$D$37),"PASS","FAIL") | I66: =IF(ISTEXT(I10),I10,IF(ISERROR(I10),"CHECK DUP",IF(I10>CODES!$B$39,"FAIL","PASS"))) | J66: =IF(AND(J10>=CODES!$C$41,J10<=CODES!$D$41),"PASS","FAIL") | K66: =IF(AND(K10>=CODES!$C$42,K10<=CODES!$D$42),"PASS","FAIL") | L66: =IF(AND(L10>=CODES!$C$43,L10<=CODES!$D$43),"PASS","FAIL") | M66: =IF(AND(M10>=CODES!$C$44,M10<=CODES!$D$44),"PASS","FAIL") | N66: =IF(ISERROR(N10),"Over-range Error",N10) | O66: =O10
B67: =B11 | C67: =C11 | D67: =D11 | E67: =IF(AND(E11>=CODES!$C$34,E11<=CODES!$D$34),"PASS","FAIL") | F67: =IF(AND(F11>=CODES!$C$35,F11<=CODES!$D$35),"PASS","FAIL") | G67: =G11 | H67: =IF(AND(H11>=CODES!$C$37,H11<=CODES!$D$37),"PASS","FAIL") | I67: =IF(ISTEXT(I11),I11,IF(ISERROR(I11),"CHECK DUP",IF(I11>CODES!$B$39,"FAIL","PASS"))) | J67: =IF(AND(J11>=CODES!$C$41,J11<=CODES!$D$41),"PASS","FAIL") | K67: =IF(AND(K11>=CODES!$C$42,K11<=CODES!$D$42),"PASS","FAIL") | L67: =IF(AND(L11>=CODES!$C$43,L11<=CODES!$D$43),"PASS","FAIL") | M67: =IF(AND(M11>=CODES!$C$44,M11<=CODES!$D$44),"PASS","FAIL") | N67: =IF(ISERROR(N11),"Over-range Error",N11) | O67: =O11
B68: =B12 | C68: =C12 | D68: =D12 | E68: =IF(AND(E12>=CODES!$C$34,E12<=CODES!$D$34),"PASS","FAIL") | F68: =IF(AND(F12>=CODES!$C$35,F12<=CODES!$D$35),"PASS","FAIL") | G68: =G12 | H68: =IF(AND(H12>=CODES!$C$37,H12<=CODES!$D$37),"PASS","FAIL") | I68: =IF(ISTEXT(I12),I12,IF(ISERROR(I12),"CHECK DUP",IF(I12>CODES!$B$39,"FAIL","PASS"))) | J68: =IF(AND(J12>=CODES!$C$41,J12<=CODES!$D$41),"PASS","FAIL") | K68: =IF(AND(K12>=CODES!$C$42,K12<=CODES!$D$42),"PASS","FAIL") | L68: =IF(AND(L12>=CODES!$C$43,L12<=CODES!$D$43),"PASS","FAIL") | M68: =IF(AND(M12>=CODES!$C$44,M12<=CODES!$D$44),"PASS","FAIL") | N68: =IF(ISERROR(N12),"Over-range Error",N12) | O68: =O12
B69: =B13 | C69: =C13 | D69: =D13 | E69: =IF(AND(E13>=CODES!$C$34,E13<=CODES!$D$34),"PASS","FAIL") | F69: =IF(AND(F13>=CODES!$C$35,F13<=CODES!$D$35),"PASS","FAIL") | G69: =G13 | H69: =IF(AND(H13>=CODES!$C$37,H13<=CODES!$D$37),"PASS","FAIL") | I69: =IF(ISTEXT(I13),I13,IF(ISERROR(I13),"CHECK DUP",IF(I13>CODES!$B$39,"FAIL","PASS"))) | J69: =IF(AND(J13>=CODES!$C$41,J13<=CODES!$D$41),"PASS","FAIL") | K69: =IF(AND(K13>=CODES!$C$42,K13<=CODES!$D$42),"PASS","FAIL") | L69: =IF(AND(L13>=CODES!$C$43,L13<=CODES!$D$43),"PASS","FAIL") | M69: =IF(AND(M13>=CODES!$C$44,M13<=CODES!$D$44),"PASS","FAIL") | N69: =IF(ISERROR(N13),"Over-range Error",N13) | O69: =O13
B70: =B14 | C70: =C14 | D70: =D14 | E70: =IF(AND(E14>=CODES!$C$34,E14<=CODES!$D$34),"PASS","FAIL") | F70: =IF(AND(F14>=CODES!$C$35,F14<=CODES!$D$35),"PASS","FAIL") | G70: =G14 | H70: =IF(AND(H14>=CODES!$C$37,H14<=CODES!$D$37),"PASS","FAIL") | I70: =IF(ISTEXT(I14),I14,IF(ISERROR(I14),"CHECK DUP",IF(I14>CODES!$B$39,"FAIL","PASS"))) | J70: =IF(AND(J14>=CODES!$C$41,J14<=CODES!$D$41),"PASS","FAIL") | K70: =IF(AND(K14>=CODES!$C$42,K14<=CODES!$D$42),"PASS","FAIL") | L70: =IF(AND(L14>=CODES!$C$43,L14<=CODES!$D$43),"PASS","FAIL") | M70: =IF(AND(M14>=CODES!$C$44,M14<=CODES!$D$44),"PASS","FAIL") | N70: =IF(ISERROR(N14),"Over-range Error",N14) | O70: =O14
B71: =B15 | C71: =C15 | D71: =D15 | E71: =IF(AND(E15>=CODES!$C$34,E15<=CODES!$D$34),"PASS","FAIL") | F71: =IF(AND(F15>=CODES!$C$35,F15<=CODES!$D$35),"PASS","FAIL") | G71: =G15 | H71: =IF(AND(H15>=CODES!$C$37,H15<=CODES!$D$37),"PASS","FAIL") | I71: =IF(ISTEXT(I15),I15,IF(ISERROR(I15),"CHECK DUP",IF(I15>CODES!$B$39,"FAIL","PASS"))) | J71: =IF(AND(J15>=CODES!$C$41,J15<=CODES!$D$41),"PASS","FAIL") | K71: =IF(AND(K15>=CODES!$C$42,K15<=CODES!$D$42),"PASS","FAIL") | L71: =IF(AND(L15>=CODES!$C$43,L15<=CODES!$D$43),"PASS","FAIL") | M71: =IF(AND(M15>=CODES!$C$44,M15<=CODES!$D$44),"PASS","FAIL") | N71: =IF(ISERROR(N15),"Over-range Error",N15) | O71: =O15
B72: =B16 | C72: =C16 | D72: =D16 | E72: =IF(AND(E16>=CODES!$C$34,E16<=CODES!$D$34),"PASS","FAIL") | F72: =IF(AND(F16>=CODES!$C$35,F16<=CODES!$D$35),"PASS","FAIL") | G72: =G16 | H72: =IF(AND(H16>=CODES!$C$37,H16<=CODES!$D$37),"PASS","FAIL") | I72: =IF(ISTEXT(I16),I16,IF(ISERROR(I16),"CHECK DUP",IF(I16>CODES!$B$39,"FAIL","PASS"))) | J72: =IF(AND(J16>=CODES!$C$41,J16<=CODES!$D$41),"PASS","FAIL") | K72: =IF(AND(K16>=CODES!$C$42,K16<=CODES!$D$42),"PASS","FAIL") | L72: =IF(AND(L16>=CODES!$C$43,L16<=CODES!$D$43),"PASS","FAIL") | M72: =IF(AND(M16>=CODES!$C$44,M16<=CODES!$D$44),"PASS","FAIL") | N72: =IF(ISERROR(N16),"Over-range Error",N16) | O72: =O16
B73: =B17 | C73: =C17 | D73: =D17 | E73: =IF(AND(E17>=CODES!$C$34,E17<=CODES!$D$34),"PASS","FAIL") | F73: =IF(AND(F17>=CODES!$C$35,F17<=CODES!$D$35),"PASS","FAIL") | G73: =G17 | H73: =IF(AND(H17>=CODES!$C$37,H17<=CODES!$D$37),"PASS","FAIL") | I73: =IF(ISTEXT(I17),I17,IF(ISERROR(I17),"CHECK DUP",IF(I17>CODES!$B$39,"FAIL","PASS"))) | J73: =IF(AND(J17>=CODES!$C$41,J17<=CODES!$D$41),"PASS","FAIL") | K73: =IF(AND(K17>=CODES!$C$42,K17<=CODES!$D$42),"PASS","FAIL") | L73: =IF(AND(L17>=CODES!$C$43,L17<=CODES!$D$43),"PASS","FAIL") | M73: =IF(AND(M17>=CODES!$C$44,M17<=CODES!$D$44),"PASS","FAIL") | N73: =IF(ISERROR(N17),"Over-range Error",N17) | O73: =O17
B74: =B18 | C74: =C18 | D74: =D18 | E74: =IF(AND(E18>=CODES!$C$34,E18<=CODES!$D$34),"PASS","FAIL") | F74: =IF(AND(F18>=CODES!$C$35,F18<=CODES!$D$35),"PASS","FAIL") | G74: =G18 | H74: =IF(AND(H18>=CODES!$C$37,H18<=CODES!$D$37),"PASS","FAIL") | I74: =IF(ISTEXT(I18),I18,IF(ISERROR(I18),"CHECK DUP",IF(I18>CODES!$B$39,"FAIL","PASS"))) | J74: =IF(AND(J18>=CODES!$C$41,J18<=CODES!$D$41),"PASS","FAIL") | K74: =IF(AND(K18>=CODES!$C$42,K18<=CODES!$D$42),"PASS","FAIL") | L74: =IF(AND(L18>=CODES!$C$43,L18<=CODES!$D$43),"PASS","FAIL") | M74: =IF(AND(M18>=CODES!$C$44,M18<=CODES!$D$44),"PASS","FAIL") | N74: =IF(ISERROR(N18),"Over-range Error",N18) | O74: =O18
B75: =B19 | C75: =C19 | D75: =D19 | E75: =IF(AND(E19>=CODES!$C$34,E19<=CODES!$D$34),"PASS","FAIL") | F75: =IF(AND(F19>=CODES!$C$35,F19<=CODES!$D$35),"PASS","FAIL") | G75: =G19 | H75: =IF(AND(H19>=CODES!$C$37,H19<=CODES!$D$37),"PASS","FAIL") | I75: =IF(ISTEXT(I19),I19,IF(ISERROR(I19),"CHECK DUP",IF(I19>CODES!$B$39,"FAIL","PASS"))) | J75: =IF(AND(J19>=CODES!$C$41,J19<=CODES!$D$41),"PASS","FAIL") | K75: =IF(AND(K19>=CODES!$C$42,K19<=CODES!$D$42),"PASS","FAIL") | L75: =IF(AND(L19>=CODES!$C$43,L19<=CODES!$D$43),"PASS","FAIL") | M75: =IF(AND(M19>=CODES!$C$44,M19<=CODES!$D$44),"PASS","FAIL") | N75: =IF(ISERROR(N19),"Over-range Error",N19) | O75: =O19
B76: =B20 | C76: =C20 | D76: =D20 | E76: =IF(AND(E20>=CODES!$C$34,E20<=CODES!$D$34),"PASS","FAIL") | F76: =IF(AND(F20>=CODES!$C$35,F20<=CODES!$D$35),"PASS","FAIL") | G76: =G20 | H76: =IF(AND(H20>=CODES!$C$37,H20<=CODES!$D$37),"PASS","FAIL") | I76: =IF(ISTEXT(I20),I20,IF(ISERROR(I20),"CHECK DUP",IF(I20>CODES!$B$39,"FAIL","PASS"))) | J76: =IF(AND(J20>=CODES!$C$41,J20<=CODES!$D$41),"PASS","FAIL") | K76: =IF(AND(K20>=CODES!$C$42,K20<=CODES!$D$42),"PASS","FAIL") | L76: =IF(AND(L20>=CODES!$C$43,L20<=CODES!$D$43),"PASS","FAIL") | M76: =IF(AND(M20>=CODES!$C$44,M20<=CODES!$D$44),"PASS","FAIL") | N76: =IF(ISERROR(N20),"Over-range Error",N20) | O76: =O20
B77: =B21 | C77: =C21 | D77: =D21 | E77: =IF(AND(E21>=CODES!$C$34,E21<=CODES!$D$34),"PASS","FAIL") | F77: =IF(AND(F21>=CODES!$C$35,F21<=CODES!$D$35),"PASS","FAIL") | G77: =G21 | H77: =IF(AND(H21>=CODES!$C$37,H21<=CODES!$D$37),"PASS","FAIL") | I77: =IF(ISTEXT(I21),I21,IF(ISERROR(I21),"CHECK DUP",IF(I21>CODES!$B$39,"FAIL","PASS"))) | J77: =IF(AND(J21>=CODES!$C$41,J21<=CODES!$D$41),"PASS","FAIL") | K77: =IF(AND(K21>=CODES!$C$42,K21<=CODES!$D$42),"PASS","FAIL") | L77: =IF(AND(L21>=CODES!$C$43,L21<=CODES!$D$43),"PASS","FAIL") | M77: =IF(AND(M21>=CODES!$C$44,M21<=CODES!$D$44),"PASS","FAIL") | N77: =IF(ISERROR(N21),"Over-range Error",N21) | O77: =O21
B78: =B22 | C78: =C22 | D78: =D22 | E78: =IF(AND(E22>=CODES!$C$34,E22<=CODES!$D$34),"PASS","FAIL") | F78: =IF(AND(F22>=CODES!$C$35,F22<=CODES!$D$35),"PASS","FAIL") | G78: =G22 | H78: =IF(AND(H22>=CODES!$C$37,H22<=CODES!$D$37),"PASS","FAIL") | I78: =IF(ISTEXT(I22),I22,IF(ISERROR(I22),"CHECK DUP",IF(I22>CODES!$B$39,"FAIL","PASS"))) | J78: =IF(AND(J22>=CODES!$C$41,J22<=CODES!$D$41),"PASS","FAIL") | K78: =IF(AND(K22>=CODES!$C$42,K22<=CODES!$D$42),"PASS","FAIL") | L78: =IF(AND(L22>=CODES!$C$43,L22<=CODES!$D$43),"PASS","FAIL") | M78: =IF(AND(M22>=CODES!$C$44,M22<=CODES!$D$44),"PASS","FAIL") | N78: =IF(ISERROR(N22),"Over-range Error",N22) | O78: =O22
B79: =B23 | C79: =C23 | D79: =D23 | E79: =IF(AND(E23>=CODES!$C$34,E23<=CODES!$D$34),"PASS","FAIL") | F79: =IF(AND(F23>=CODES!$C$35,F23<=CODES!$D$35),"PASS","FAIL") | G79: =G23 | H79: =IF(AND(H23>=CODES!$C$37,H23<=CODES!$D$37),"PASS","FAIL") | I79: =IF(ISTEXT(I23),I23,IF(ISERROR(I23),"CHECK DUP",IF(I23>CODES!$B$39,"FAIL","PASS"))) | J79: =IF(AND(J23>=CODES!$C$41,J23<=CODES!$D$41),"PASS","FAIL") | K79: =IF(AND(K23>=CODES!$C$42,K23<=CODES!$D$42),"PASS","FAIL") | L79: =IFERROR(L23,"IC Metal") | M79: =IF(AND(M23>=CODES!$C$44,M23<=CODES!$D$44),"PASS","FAIL") | N79: =IF(ISERROR(N23),"Over-range Error",N23) | O79: =O23
B80: =B24 | C80: =C24 | D80: =D24 | E80: =IF(AND(E24>=CODES!$C$34,E24<=CODES!$D$34),"PASS","FAIL") | F80: =IF(AND(F24>=CODES!$C$35,F24<=CODES!$D$35),"PASS","FAIL") | G80: =G24 | H80: =IF(AND(H24>=CODES!$C$37,H24<=CODES!$D$37),"PASS","FAIL") | I80: =IF(ISTEXT(I24),I24,IF(ISERROR(I24),"CHECK DUP",IF(I24>CODES!$B$39,"FAIL","PASS"))) | J80: =IF(AND(J24>=CODES!$C$41,J24<=CODES!$D$41),"PASS","FAIL") | K80: =IF(AND(K24>=CODES!$C$42,K24<=CODES!$D$42),"PASS","FAIL") | L80: =IF(AND(L24>=CODES!$C$43,L24<=CODES!$D$43),"PASS","FAIL") | M80: =IF(AND(M24>=CODES!$C$44,M24<=CODES!$D$44),"PASS","FAIL") | N80: =IF(ISERROR(N24),"Over-range Error",N24) | O80: =O24
B81: =B25 | C81: =C25 | D81: =D25 | E81: =IF(AND(E25>=CODES!$C$34,E25<=CODES!$D$34),"PASS","FAIL") | F81: =IF(AND(F25>=CODES!$C$35,F25<=CODES!$D$35),"PASS","FAIL") | G81: =G25 | H81: =IF(AND(H25>=CODES!$C$37,H25<=CODES!$D$37),"PASS","FAIL") | I81: =IF(ISTEXT(I25),I25,IF(ISERROR(I25),"CHECK DUP",IF(I25>CODES!$B$39,"FAIL","PASS"))) | J81: =IF(AND(J25>=CODES!$C$41,J25<=CODES!$D$41),"PASS","FAIL") | K81: =IF(AND(K25>=CODES!$C$42,K25<=CODES!$D$42),"PASS","FAIL") | L81: =IF(AND(L25>=CODES!$C$43,L25<=CODES!$D$43),"PASS","FAIL") | M81: =IF(AND(M25>=CODES!$C$44,M25<=CODES!$D$44),"PASS","FAIL") | N81: =IF(ISERROR(N25),"Over-range Error",N25) | O81: =O25
B82: =B26 | C82: =C26 | D82: =D26 | E82: =IF(AND(E26>=CODES!$C$34,E26<=CODES!$D$34),"PASS","FAIL") | F82: =IF(AND(F26>=CODES!$C$35,F26<=CODES!$D$35),"PASS","FAIL") | G82: =G26 | H82: =IF(AND(H26>=CODES!$C$37,H26<=CODES!$D$37),"PASS","FAIL") | I82: =IF(ISTEXT(I26),I26,IF(ISERROR(I26),"CHECK DUP",IF(I26>CODES!$B$39,"FAIL","PASS"))) | J82: =IF(AND(J26>=CODES!$C$41,J26<=CODES!$D$41),"PASS","FAIL") | K82: =IF(AND(K26>=CODES!$C$42,K26<=CODES!$D$42),"PASS","FAIL") | L82: =IF(AND(L26>=CODES!$C$43,L26<=CODES!$D$43),"PASS","FAIL") | M82: =IF(AND(M26>=CODES!$C$44,M26<=CODES!$D$44),"PASS","FAIL") | N82: =IF(ISERROR(N26),"Over-range Error",N26) | O82: =O26
B83: =B27 | C83: =C27 | D83: =D27 | E83: =IF(AND(E27>=CODES!$C$34,E27<=CODES!$D$34),"PASS","FAIL") | F83: =IF(AND(F27>=CODES!$C$35,F27<=CODES!$D$35),"PASS","FAIL") | G83: =G27 | H83: =IF(AND(H27>=CODES!$C$37,H27<=CODES!$D$37),"PASS","FAIL") | I83: =IF(ISTEXT(I27),I27,IF(ISERROR(I27),"CHECK DUP",IF(I27>CODES!$B$39,"FAIL","PASS"))) | J83: =IF(AND(J27>=CODES!$C$41,J27<=CODES!$D$41),"PASS","FAIL") | K83: =IF(AND(K27>=CODES!$C$42,K27<=CODES!$D$42),"PASS","FAIL") | L83: =IF(AND(L27>=CODES!$C$43,L27<=CODES!$D$43),"PASS","FAIL") | M83: =IF(AND(M27>=CODES!$C$44,M27<=CODES!$D$44),"PASS","FAIL") | N83: =IF(ISERROR(N27),"Over-range Error",N27) | O83: =O27
B84: =B28 | C84: =C28 | D84: =D28 | E84: =IF(AND(E28>=CODES!$C$34,E28<=CODES!$D$34),"PASS","FAIL") | F84: =IF(AND(F28>=CODES!$C$35,F28<=CODES!$D$35),"PASS","FAIL") | G84: =G28 | H84: =IF(AND(H28>=CODES!$C$37,H28<=CODES!$D$37),"PASS","FAIL") | I84: =IF(ISTEXT(I28),I28,IF(ISERROR(I28),"CHECK DUP",IF(I28>CODES!$B$39,"FAIL","PASS"))) | J84: =IF(AND(J28>=CODES!$C$41,J28<=CODES!$D$41),"PASS","FAIL") | K84: =IF(AND(K28>=CODES!$C$42,K28<=CODES!$D$42),"PASS","FAIL") | L84: =IF(AND(L28>=CODES!$C$43,L28<=CODES!$D$43),"PASS","FAIL") | M84: =IF(AND(M28>=CODES!$C$44,M28<=CODES!$D$44),"PASS","FAIL") | N84: =IF(ISERROR(N28),"Over-range Error",N28) | O84: =O28
B85: =B29 | C85: =C29 | D85: =D29 | E85: =IF(AND(E29>=CODES!$C$34,E29<=CODES!$D$34),"PASS","FAIL") | F85: =IF(AND(F29>=CODES!$C$35,F29<=CODES!$D$35),"PASS","FAIL") | G85: =G29 | H85: =IF(AND(H29>=CODES!$C$37,H29<=CODES!$D$37),"PASS","FAIL") | I85: =IF(ISTEXT(I29),I29,IF(ISERROR(I29),"CHECK DUP",IF(I29>CODES!$B$39,"FAIL","PASS"))) | J85: =IF(AND(J29>=CODES!$C$41,J29<=CODES!$D$41),"PASS","FAIL") | K85: =IF(AND(K29>=CODES!$C$42,K29<=CODES!$D$42),"PASS","FAIL") | L85: =IF(AND(L29>=CODES!$C$43,L29<=CODES!$D$43),"PASS","FAIL") | M85: =IF(AND(M29>=CODES!$C$44,M29<=CODES!$D$44),"PASS","FAIL") | N85: =IF(ISERROR(N29),"Over-range Error",N29) | O85: =O29
B86: =B30 | C86: =C30 | D86: =D30 | E86: =IF(AND(E30>=CODES!$C$34,E30<=CODES!$D$34),"PASS","FAIL") | F86: =IF(AND(F30>=CODES!$C$35,F30<=CODES!$D$35),"PASS","FAIL") | G86: =G30 | H86: =IF(AND(H30>=CODES!$C$37,H30<=CODES!$D$37),"PASS","FAIL") | I86: =IF(ISTEXT(I30),I30,IF(ISERROR(I30),"CHECK DUP",IF(I30>CODES!$B$39,"FAIL","PASS"))) | J86: =IF(AND(J30>=CODES!$C$41,J30<=CODES!$D$41),"PASS","FAIL") | K86: =IF(AND(K30>=CODES!$C$42,K30<=CODES!$D$42),"PASS","FAIL") | L86: =IF(AND(L30>=CODES!$C$43,L30<=CODES!$D$43),"PASS","FAIL") | M86: =IF(AND(M30>=CODES!$C$44,M30<=CODES!$D$44),"PASS","FAIL") | N86: =IF(ISERROR(N30),"Over-range Error",N30) | O86: =O30
B87: =B31 | C87: =C31 | D87: =D31 | E87: =IF(AND(E31>=CODES!$C$34,E31<=CODES!$D$34),"PASS","FAIL") | F87: =IF(AND(F31>=CODES!$C$35,F31<=CODES!$D$35),"PASS","FAIL") | G87: =G31 | H87: =IF(AND(H31>=CODES!$C$37,H31<=CODES!$D$37),"PASS","FAIL") | I87: =IF(ISTEXT(I31),I31,IF(ISERROR(I31),"CHECK DUP",IF(I31>CODES!$B$39,"FAIL","PASS"))) | J87: =IF(AND(J31>=CODES!$C$41,J31<=CODES!$D$41),"PASS","FAIL") | K87: =IF(AND(K31>=CODES!$C$42,K31<=CODES!$D$42),"PASS","FAIL") | L87: =IF(AND(L31>=CODES!$C$43,L31<=CODES!$D$43),"PASS","FAIL") | M87: =IF(AND(M31>=CODES!$C$44,M31<=CODES!$D$44),"PASS","FAIL") | N87: =IF(ISERROR(N31),"Over-range Error",N31) | O87: =O31
B88: =B32 | C88: =C32 | D88: =D32 | E88: =IF(AND(E32>=CODES!$C$34,E32<=CODES!$D$34),"PASS","FAIL") | F88: =IF(AND(F32>=CODES!$C$35,F32<=CODES!$D$35),"PASS","FAIL") | G88: =G32 | H88: =IF(AND(H32>=CODES!$C$37,H32<=CODES!$D$37),"PASS","FAIL") | I88: =IF(ISTEXT(I32),I32,IF(ISERROR(I32),"CHECK DUP",IF(I32>CODES!$B$39,"FAIL","PASS"))) | J88: =IF(AND(J32>=CODES!$C$41,J32<=CODES!$D$41),"PASS","FAIL") | K88: =IF(AND(K32>=CODES!$C$42,K32<=CODES!$D$42),"PASS","FAIL") | L88: =IF(AND(L32>=CODES!$C$43,L32<=CODES!$D$43),"PASS","FAIL") | M88: =IF(AND(M32>=CODES!$C$44,M32<=CODES!$D$44),"PASS","FAIL") | N88: =IF(ISERROR(N32),"Over-range Error",N32) | O88: =O32
B89: =B33 | C89: =C33 | D89: =D33 | E89: =IF(AND(E33>=CODES!$C$34,E33<=CODES!$D$34),"PASS","FAIL") | F89: =IF(AND(F33>=CODES!$C$35,F33<=CODES!$D$35),"PASS","FAIL") | G89: =G33 | H89: =IF(AND(H33>=CODES!$C$37,H33<=CODES!$D$37),"PASS","FAIL") | I89: =IF(ISTEXT(I33),I33,IF(ISERROR(I33),"CHECK DUP",IF(I33>CODES!$B$39,"FAIL","PASS"))) | J89: =IF(AND(J33>=CODES!$C$41,J33<=CODES!$D$41),"PASS","FAIL") | K89: =IF(AND(K33>=CODES!$C$42,K33<=CODES!$D$42),"PASS","FAIL") | L89: =IF(AND(L33>=CODES!$C$43,L33<=CODES!$D$43),"PASS","FAIL") | M89: =IF(AND(M33>=CODES!$C$44,M33<=CODES!$D$44),"PASS","FAIL") | N89: =IF(ISERROR(N33),"Over-range Error",N33) | O89: =O33
B90: =B34 | C90: =C34 | D90: =D34 | E90: =IF(AND(E34>=CODES!$C$34,E34<=CODES!$D$34),"PASS","FAIL") | F90: =IF(AND(F34>=CODES!$C$35,F34<=CODES!$D$35),"PASS","FAIL") | G90: =G34 | H90: =IF(AND(H34>=CODES!$C$37,H34<=CODES!$D$37),"PASS","FAIL") | I90: =IF(ISTEXT(I34),I34,IF(ISERROR(I34),"CHECK DUP",IF(I34>CODES!$B$39,"FAIL","PASS"))) | J90: =IF(AND(J34>=CODES!$C$41,J34<=CODES!$D$41),"PASS","FAIL") | K90: =IF(AND(K34>=CODES!$C$42,K34<=CODES!$D$42),"PASS","FAIL") | L90: =IF(AND(L34>=CODES!$C$43,L34<=CODES!$D$43),"PASS","FAIL") | M90: =IF(AND(M34>=CODES!$C$44,M34<=CODES!$D$44),"PASS","FAIL") | N90: =IF(ISERROR(N34),"Over-range Error",N34) | O90: =O34
B91: =B35 | C91: =C35 | D91: =D35 | E91: =IF(AND(E35>=CODES!$C$34,E35<=CODES!$D$34),"PASS","FAIL") | F91: =IF(AND(F35>=CODES!$C$35,F35<=CODES!$D$35),"PASS","FAIL") | G91: =G35 | H91: =IF(AND(H35>=CODES!$C$37,H35<=CODES!$D$37),"PASS","FAIL") | I91: =IF(ISTEXT(I35),I35,IF(ISERROR(I35),"CHECK DUP",IF(I35>CODES!$B$39,"FAIL","PASS"))) | J91: =IF(AND(J35>=CODES!$C$41,J35<=CODES!$D$41),"PASS","FAIL") | K91: =IF(AND(K35>=CODES!$C$42,K35<=CODES!$D$42),"PASS","FAIL") | L91: =IF(AND(L35>=CODES!$C$43,L35<=CODES!$D$43),"PASS","FAIL") | M91: =IF(AND(M35>=CODES!$C$44,M35<=CODES!$D$44),"PASS","FAIL") | N91: =IF(ISERROR(N35),"Over-range Error",N35) | O91: =O35
... B93: =B37 | C93: =C37 | D93: =D37 | E93: =IF(AND(E37>=CODES!$C$34,E37<=CODES!$D$34),"PASS","FAIL") | F93: =IF(AND(F37>=CODES!$C$35,F37<=CODES!$D$35),"PASS","FAIL") | G93: =G37 | H93: =IF(AND(H37>=CODES!$C$37,H37<=CODES!$D$37),"PASS","FAIL") | I93: =IF(ISTEXT(I37),I37,IF(ISERROR(I37),"CHECK DUP",IF(I37>CODES!$B$39,"FAIL","PASS"))) | J93: =IF(AND(J37>=CODES!$C$41,J37<=CODES!$D$41),"PASS","FAIL") | K93: =IF(AND(K37>=CODES!$C$42,K37<=CODES!$D$42),"PASS","FAIL") | L93: =IF(AND(L37>=CODES!$C$43,L37<=CODES!$D$43),"PASS","FAIL") | M93: =IF(AND(M37>=CODES!$C$44,M37<=CODES!$D$44),"PASS","FAIL") | N93: =IF(ISERROR(N37),"Over-range Error",N37) | O93: =O37
B94: =B38 | C94: =C38 | D94: =D38 | E94: =IF(AND(E38>=CODES!$C$34,E38<=CODES!$D$34),"PASS","FAIL") | F94: =IF(AND(F38>=CODES!$C$35,F38<=CODES!$D$35),"PASS","FAIL") | G94: =G38 | H94: =IF(AND(H38>=CODES!$C$37,H38<=CODES!$D$37),"PASS","FAIL") | I94: =IF(ISTEXT(I38),I38,IF(ISERROR(I38),"CHECK DUP",IF(I38>CODES!$B$39,"FAIL","PASS"))) | J94: =IF(AND(J38>=CODES!$C$41,J38<=CODES!$D$41),"PASS","FAIL") | K94: =IF(AND(K38>=CODES!$C$42,K38<=CODES!$D$42),"PASS","FAIL") | L94: =IFERROR(L38,"IC Metal") | M94: =IF(AND(M38>=CODES!$C$44,M38<=CODES!$D$44),"PASS","FAIL") | N94: =IF(ISERROR(N38),"Over-range Error",N38) | O94: =O38
B95: =B39 | C95: =C39 | D95: =D39 | E95: =IF(AND(E39>=CODES!$C$34,E39<=CODES!$D$34),"PASS","FAIL") | F95: =IF(AND(F39>=CODES!$C$35,F39<=CODES!$D$35),"PASS","FAIL") | G95: =G39 | H95: =IF(AND(H39>=CODES!$C$37,H39<=CODES!$D$37),"PASS","FAIL") | I95: =IF(ISTEXT(I39),I39,IF(ISERROR(I39),"CHECK DUP",IF(I39>CODES!$B$39,"FAIL","PASS"))) | J95: =IF(AND(J39>=CODES!$C$41,J39<=CODES!$D$41),"PASS","FAIL") | K95: =IF(AND(K39>=CODES!$C$42,K39<=CODES!$D$42),"PASS","FAIL") | L95: =IF(AND(L39>=CODES!$C$43,L39<=CODES!$D$43),"PASS","FAIL") | M95: =IF(AND(M39>=CODES!$C$44,M39<=CODES!$D$44),"PASS","FAIL") | N95: =IF(ISERROR(N39),"Over-range Error",N39) | O95: =O39
B96: =B40 | C96: =C40 | D96: =D40 | E96: =IF(AND(E40>=CODES!$C$34,E40<=CODES!$D$34),"PASS","FAIL") | F96: =IF(AND(F40>=CODES!$C$35,F40<=CODES!$D$35),"PASS","FAIL") | G96: =G40 | H96: =IF(AND(H40>=CODES!$C$37,H40<=CODES!$D$37),"PASS","FAIL") | I96: =IF(ISTEXT(I40),I40,IF(ISERROR(I40),"CHECK DUP",IF(I40>CODES!$B$39,"FAIL","PASS"))) | J96: =IF(AND(J40>=CODES!$C$41,J40<=CODES!$D$41),"PASS","FAIL") | K96: =IF(AND(K40>=CODES!$C$42,K40<=CODES!$D$42),"PASS","FAIL") | L96: =IF(AND(L40>=CODES!$C$43,L40<=CODES!$D$43),"PASS","FAIL") | M96: =IF(AND(M40>=CODES!$C$44,M40<=CODES!$D$44),"PASS","FAIL") | N96: =IF(ISERROR(N40),"Over-range Error",N40) | O96: =O40
B97: =B41 | C97: =C41 | D97: =D41 | E97: =IF(AND(E41>=CODES!$C$34,E41<=CODES!$D$34),"PASS","FAIL") | F97: =IF(AND(F41>=CODES!$C$35,F41<=CODES!$D$35),"PASS","FAIL") | G97: =G41 | H97: =IF(AND(H41>=CODES!$C$37,H41<=CODES!$D$37),"PASS","FAIL") | I97: =IF(ISTEXT(I41),I41,IF(ISERROR(I41),"CHECK DUP",IF(I41>CODES!$B$39,"FAIL","PASS"))) | J97: =IF(AND(J41>=CODES!$C$41,J41<=CODES!$D$41),"PASS","FAIL") | K97: =IF(AND(K41>=CODES!$C$42,K41<=CODES!$D$42),"PASS","FAIL") | L97: =IF(AND(L41>=CODES!$C$43,L41<=CODES!$D$43),"PASS","FAIL") | M97: =IF(AND(M41>=CODES!$C$44,M41<=CODES!$D$44),"PASS","FAIL") | N97: =IF(ISERROR(N41),"Over-range Error",N41) | O97: =O41
B98: =B42 | C98: =C42 | D98: =D42 | E98: =IF(AND(E42>=CODES!$C$34,E42<=CODES!$D$34),"PASS","FAIL") | F98: =IF(AND(F42>=CODES!$C$35,F42<=CODES!$D$35),"PASS","FAIL") | G98: =G42 | H98: =IF(AND(H42>=CODES!$C$37,H42<=CODES!$D$37),"PASS","FAIL") | I98: =IF(ISTEXT(I42),I42,IF(ISERROR(I42),"CHECK DUP",IF(I42>CODES!$B$39,"FAIL","PASS"))) | J98: =IF(AND(J42>=CODES!$C$41,J42<=CODES!$D$41),"PASS","FAIL") | K98: =IF(AND(K42>=CODES!$C$42,K42<=CODES!$D$42),"PASS","FAIL") | L98: =IF(AND(L42>=CODES!$C$43,L42<=CODES!$D$43),"PASS","FAIL") | M98: =IF(AND(M42>=CODES!$C$44,M42<=CODES!$D$44),"PASS","FAIL") | N98: =IF(ISERROR(N42),"Over-range Error",N42) | O98: =O42
B99: =B43 | C99: =C43 | D99: =D43 | E99: =IF(AND(E43>=CODES!$C$34,E43<=CODES!$D$34),"PASS","FAIL") | F99: =IF(AND(F43>=CODES!$C$35,F43<=CODES!$D$35),"PASS","FAIL") | G99: =G43 | H99: =IF(AND(H43>=CODES!$C$37,H43<=CODES!$D$37),"PASS","FAIL") | I99: =IF(ISTEXT(I43),I43,IF(ISERROR(I43),"CHECK DUP",IF(I43>CODES!$B$39,"FAIL","PASS"))) | J99: =IF(AND(J43>=CODES!$C$41,J43<=CODES!$D$41),"PASS","FAIL") | K99: =IF(AND(K43>=CODES!$C$42,K43<=CODES!$D$42),"PASS","FAIL") | L99: =IF(AND(L43>=CODES!$C$43,L43<=CODES!$D$43),"PASS","FAIL") | M99: =IF(AND(M43>=CODES!$C$44,M43<=CODES!$D$44),"PASS","FAIL") | N99: =IF(ISERROR(N43),"Over-range Error",N43) | O99: =O43
B100: =B44 | C100: =C44 | D100: =D44 | E100: =IF(AND(E44>=CODES!$C$34,E44<=CODES!$D$34),"PASS","FAIL") | F100: =IF(AND(F44>=CODES!$C$35,F44<=CODES!$D$35),"PASS","FAIL") | G100: =G44 | H100: =IF(AND(H44>=CODES!$C$37,H44<=CODES!$D$37),"PASS","FAIL") | I100: =IF(ISTEXT(I44),I44,IF(ISERROR(I44),"CHECK DUP",IF(I44>CODES!$B$39,"FAIL","PASS"))) | J100: =IF(AND(J44>=CODES!$C$41,J44<=CODES!$D$41),"PASS","FAIL") | K100: =IF(AND(K44>=CODES!$C$42,K44<=CODES!$D$42),"PASS","FAIL") | L100: =IF(AND(L44>=CODES!$C$43,L44<=CODES!$D$43),"PASS","FAIL") | M100: =IF(AND(M44>=CODES!$C$44,M44<=CODES!$D$44),"PASS","FAIL") | N100: =IF(ISERROR(N44),"Over-range Error",N44) | O100: =O44
B101: =B45 | C101: =C45 | D101: =D45 | E101: =IF(AND(E45>=CODES!$C$34,E45<=CODES!$D$34),"PASS","FAIL") | F101: =IF(AND(F45>=CODES!$C$35,F45<=CODES!$D$35),"PASS","FAIL") | G101: =G45 | H101: =IF(AND(H45>=CODES!$C$37,H45<=CODES!$D$37),"PASS","FAIL") | I101: =IF(ISTEXT(I45),I45,IF(ISERROR(I45),"CHECK DUP",IF(I45>CODES!$B$39,"FAIL","PASS"))) | J101: =IF(AND(J45>=CODES!$C$41,J45<=CODES!$D$41),"PASS","FAIL") | K101: =IF(AND(K45>=CODES!$C$42,K45<=CODES!$D$42),"PASS","FAIL") | L101: =IF(AND(L45>=CODES!$C$43,L45<=CODES!$D$43),"PASS","FAIL") | M101: =IF(AND(M45>=CODES!$C$44,M45<=CODES!$D$44),"PASS","FAIL") | N101: =IF(ISERROR(N45),"Over-range Error",N45) | O101: =O45
B102: =B46 | C102: =C46 | D102: =D46 | E102: =IF(AND(E46>=CODES!$C$34,E46<=CODES!$D$34),"PASS","FAIL") | F102: =IF(AND(F46>=CODES!$C$35,F46<=CODES!$D$35),"PASS","FAIL") | G102: =G46 | H102: =IF(AND(H46>=CODES!$C$37,H46<=CODES!$D$37),"PASS","FAIL") | I102: =IF(ISTEXT(I46),I46,IF(ISERROR(I46),"CHECK DUP",IF(I46>CODES!$B$39,"FAIL","PASS"))) | J102: =IF(AND(J46>=CODES!$C$41,J46<=CODES!$D$41),"PASS","FAIL") | K102: =IF(AND(K46>=CODES!$C$42,K46<=CODES!$D$42),"PASS","FAIL") | L102: =IF(AND(L46>=CODES!$C$43,L46<=CODES!$D$43),"PASS","FAIL") | M102: =IF(AND(M46>=CODES!$C$44,M46<=CODES!$D$44),"PASS","FAIL") | N102: =IF(ISERROR(N46),"Over-range Error",N46) | O102: =O46
B103: =B47 | C103: =C47 | D103: =D47 | E103: =IF(AND(E47>=CODES!$C$34,E47<=CODES!$D$34),"PASS","FAIL") | F103: =IF(AND(F47>=CODES!$C$35,F47<=CODES!$D$35),"PASS","FAIL") | G103: =G47 | H103: =IF(AND(H47>=CODES!$C$37,H47<=CODES!$D$37),"PASS","FAIL") | I103: =IF(ISTEXT(I47),I47,IF(ISERROR(I47),"CHECK DUP",IF(I47>CODES!$B$39,"FAIL","PASS"))) | J103: =IF(AND(J47>=CODES!$C$41,J47<=CODES!$D$41),"PASS","FAIL") | K103: =IF(AND(K47>=CODES!$C$42,K47<=CODES!$D$42),"PASS","FAIL") | L103: =IF(AND(L47>=CODES!$C$43,L47<=CODES!$D$43),"PASS","FAIL") | M103: =IF(AND(M47>=CODES!$C$44,M47<=CODES!$D$44),"PASS","FAIL") | N103: =IF(ISERROR(N47),"Over-range Error",N47) | O103: =O47
B104: =B48 | C104: =C48 | D104: =D48 | E104: =IF(AND(E48>=CODES!$C$34,E48<=CODES!$D$34),"PASS","FAIL") | F104: =IF(AND(F48>=CODES!$C$35,F48<=CODES!$D$35),"PASS","FAIL") | G104: =G48 | H104: =IF(AND(H48>=CODES!$C$37,H48<=CODES!$D$37),"PASS","FAIL") | I104: =IF(ISTEXT(I48),I48,IF(ISERROR(I48),"CHECK DUP",IF(I48>CODES!$B$39,"FAIL","PASS"))) | J104: =IF(AND(J48>=CODES!$C$41,J48<=CODES!$D$41),"PASS","FAIL") | K104: =IF(AND(K48>=CODES!$C$42,K48<=CODES!$D$42),"PASS","FAIL") | L104: =IF(AND(L48>=CODES!$C$43,L48<=CODES!$D$43),"PASS","FAIL") | M104: =IF(AND(M48>=CODES!$C$44,M48<=CODES!$D$44),"PASS","FAIL") | N104: =IF(ISERROR(N48),"Over-range Error",N48) | O104: =O48
B105: =B49 | C105: =C49 | D105: =D49 | E105: =IF(AND(E49>=CODES!$C$34,E49<=CODES!$D$34),"PASS","FAIL") | F105: =IF(AND(F49>=CODES!$C$35,F49<=CODES!$D$35),"PASS","FAIL") | G105: =G49 | H105: =IF(AND(H49>=CODES!$C$37,H49<=CODES!$D$37),"PASS","FAIL") | I105: =IF(ISTEXT(I49),I49,IF(ISERROR(I49),"CHECK DUP",IF(I49>CODES!$B$39,"FAIL","PASS"))) | J105: =IF(AND(J49>=CODES!$C$41,J49<=CODES!$D$41),"PASS","FAIL") | K105: =IF(AND(K49>=CODES!$C$42,K49<=CODES!$D$42),"PASS","FAIL") | L105: =IF(AND(L49>=CODES!$C$43,L49<=CODES!$D$43),"PASS","FAIL") | M105: =IF(AND(M49>=CODES!$C$44,M49<=CODES!$D$44),"PASS","FAIL") | N105: =IF(ISERROR(N49),"Over-range Error",N49) | O105: =O49
B106: =B50 | C106: =C50 | D106: =D50 | E106: =IF(AND(E50>=CODES!$C$34,E50<=CODES!$D$34),"PASS","FAIL") | F106: =IF(AND(F50>=CODES!$C$35,F50<=CODES!$D$35),"PASS","FAIL") | G106: =G50 | H106: =IF(AND(H50>=CODES!$C$37,H50<=CODES!$D$37),"PASS","FAIL") | I106: =IF(ISTEXT(I50),I50,IF(ISERROR(I50),"CHECK DUP",IF(I50>CODES!$B$39,"FAIL","PASS"))) | J106: =IF(AND(J50>=CODES!$C$41,J50<=CODES!$D$41),"PASS","FAIL") | K106: =IF(AND(K50>=CODES!$C$42,K50<=CODES!$D$42),"PASS","FAIL") | L106: =IF(AND(L50>=CODES!$C$43,L50<=CODES!$D$43),"PASS","FAIL") | M106: =IF(AND(M50>=CODES!$C$44,M50<=CODES!$D$44),"PASS","FAIL") | N106: =IF(ISERROR(N50),"Over-range Error",N50) | O106: =O50
...

Sheet INSTRUCTIONS
A1: INSTRUCTIONS
A3: NALS_WTRICPOES_QC_XL_20250725_Rev1
A5: ICPOES RESULTS
A6: 1. Input raw data from ICPOES run from client sample into GREEN CELLS of the "BATCH" tab. Copy and Paste using "123 Values" function.
A7: 2. Check "SUMMARY TABLE" tab to view QC Results for selected elements
A8: 3. If a fail occurs see if it falls within the comments section selection, as per SOP.
A10: CURRENT DETECTION LIMITS FILES
A11: ICPOES | B11: 2024NALS02081_ICPOES_FullMetals_DL_RL_Nov_04_2024_ICPOES
A13: CURRENT INSTRUMENT TEMPLATES
A14: ICPOES | B14: NALS_ICPOES_TEMPLATE_AUG_18_2023
A16: ACRONYMS
A17: IPC | B17: Instrument Perfomance Check
A18: LRB | B18: Lab Reagent Blank
A19: LFB | B19: Lab Fortified Blank
A20: IC | B20: Interference Check
A21: LFM | B21: Lab Fortified Matrix
A22: CCV | B22: Continuous Calibration Verification
A23: ICV | B23: Independent Calibration Verification
A25: PERCENT RECOVERY EQUATION (EPA 200.7)
A26: Percent Recovery = (Cs - C / s) *100
A27: Cs = Sample Concentration
A28: C = Sample Background
A29: s = true analyte concentration
A31: RELATIVE PERCENT DIFFERENCE EQUATION
A32: RPD = (ABS(Determined Value-True Value)/True Value)*100
A34: RELATIVE PERCENT DIFFERENCE EQUATION FOR DUPLICATES
A35: RPD = (abs(R1-R2)/((R1+R2)/2))*100
A37: ICV and CCV PERCENT RECOVERY EQUATION
A38: Percent Recovery = (Cs/s)*100
A39: Cs = Sample Concentration
A40: s = true analyte concentration

Sheet CODES
A1: DO NOT EDIT THIS PAGE
A2: =INSTRUCTIONS!A3
A4: INSTRUMENT LIST
A5: ICPOES
A6: ICPMS
A7: ICPQQQ
A9: ICPOES CODES
A10: o
A11: ####
A12: Uncal
A13: over-range
A15: UNITS
A16: µg/L
A17: mg/L
... A22: <0.0000
A23: 1000
A24: 20
A27: INSTRUMENT REPORTABLE LIMIT TABLE | C27: Ag 328.068 nm | D27: Ag 338.289 nm | E27: Al 396.152 nm | F27: As 188.980 nm | G27: As 193.696 nm | H27: B 249.678 nm | I27: B 249.772 nm | J27: Ba 493.408 nm | K27: Ba-A 455.403 nm | L27: Be 234.861 nm | M27: Be 313.042 nm | N27: Bi 222.821 nm | O27: Bi 223.061 nm | P27: Ca 317.933 nm | Q27: Ca 422.673 nm | R27: Cd 214.439 nm | S27: Cd 226.502 nm | T27: Ce 418.659 nm | U27: Ce 446.021 nm | V27: Co 238.892 nm | W27: Co 258.033 nm | X27: Cr 206.158 nm | Y27: Cr 267.716 nm | Z27: Cu-A 327.395 nm | AA27: Dy 340.780 nm | AB27: Dy 353.171 nm | AC27: Er 337.275 nm | AD27: Er 349.910 nm | AE27: Eu 397.197 nm | AF27: Eu 420.504 nm | AG27: Fe 234.350 nm | AH27: Fe 238.204 nm | AI27: Ga 294.363 nm | AJ27: Ga 417.204 nm | AK27: Gd 335.048 nm | AL27: Gd 342.246 nm | AM27: Hf 263.872 nm | AN27: Hf 264.141 nm | AO27: Hg 184.887 nm | AP27: Hg 194.164 nm | AQ27: Ho 339.895 nm | AR27: Ho 345.600 nm | AS27: K 766.491 nm | AT27: La 333.749 nm | AU27: La 379.477 nm | AV27: Li 610.365 nm | AW27: Li 670.783 nm | AX27: Lu 261.541 nm | AY27: Lu 291.139 nm | AZ27: Mg 280.270 nm | BA27: Mg 285.213 nm | BB27: Mn 257.610 nm | BC27: Mn 294.921 nm | BD27: Mo 202.032 nm | BE27: Mo 204.598 nm | BF27: Na 588.995 nm | BG27: Na 589.592 nm | BH27: Nb 309.417 nm | BI27: Nb 313.078 nm | BJ27: Nd 401.224 nm | BK27: Nd 406.108 nm | BL27: Ni 216.555 nm | BM27: Ni 231.604 nm | BN27: P 177.434 nm | BO27: P 178.222 nm | BP27: P 213.618 nm | BQ27: Pb 220.353 nm | BR27: Rb 780.026 nm | BS27: S 180.669 nm | BT27: S 181.972 nm | BU27: Sb 206.834 nm | BV27: Sb 217.582 nm | BW27: Sc 335.372 nm | BX27: Sc 361.383 nm | BY27: Se 196.026 nm | BZ27: Se 203.985 nm | CA27: Si 251.611 nm | CB27: Si 288.158 nm | CC27: Sm 359.259 nm | CD27: Sm 360.949 nm | CE27: Sn 189.925 nm | CF27: Sn 283.998 nm | CG27: Sr-R 407.771 nm | CH27: Sr-R 421.552 nm | CI27: Ta 263.558 nm | CJ27: Ta 268.517 nm | CK27: Te 182.153 nm | CL27: Te 214.282 nm | CM27: Th 269.242 nm | CN27: Th 283.730 nm | CO27: Ti 334.941 nm | CP27: Ti 336.122 nm | CQ27: Tl 190.794 nm | CR27: Tl 276.789 nm | CS27: Tl 351.923 nm | CT27: Tm 313.125 nm | CU27: Tm 342.508 nm | CV27: U 367.007 nm | CW27: U 385.957 nm | CX27: V 292.401 nm | CY27: V 309.310 nm | CZ27: W 207.912 nm | DA27: W 209.475 nm | DB27: Y 360.074 nm | DC27: Y 371.029 nm | DD27: Yb 328.937 nm | DE27: Yb 369.419 nm | DF27: Zn 202.548 nm | DG27: Zn 213.857 nm | DH27: Zr 339.198 nm | DI27: Zr 343.823 nm
C28: Conc. (mg/L) | D28: Conc. (mg/L) | E28: Conc. (mg/L) | F28: Conc. (mg/L) | G28: Conc. (mg/L) | H28: Conc. (mg/L) | I28: Conc. (mg/L) | J28: Conc. (mg/L) | K28: Conc. (mg/L) | L28: Conc. (mg/L) | M28: Conc. (µg/L) | N28: Conc. (mg/L) | O28: Conc. (mg/L) | P28: Conc. (mg/L) | Q28: Conc. (mg/L) | R28: Conc. (mg/L) | S28: Conc. (mg/L) | T28: Conc. (mg/L) | U28: Conc. (mg/L) | V28: Conc. (mg/L) | W28: Conc. (mg/L) | X28: Conc. (mg/L) | Y28: Conc. (mg/L) | Z28: Conc. (mg/L) | AA28: Conc. (mg/L) | AB28: Conc. (mg/L) | AC28: Conc. (mg/L) | AD28: Conc. (mg/L) | AE28: Conc. (mg/L) | AF28: Conc. (mg/L) | AG28: Conc. (mg/L) | AH28: Conc. (mg/L) | AI28: Conc. (mg/L) | AJ28: Conc. (mg/L) | AK28: Conc. (mg/L) | AL28: Conc. (mg/L) | AM28: Conc. (mg/L) | AN28: Conc. (mg/L) | AO28: Conc. (µg/L) | AP28: Conc. (µg/L) | AQ28: Conc. (mg/L) | AR28: Conc. (mg/L) | AS28: Conc. (mg/L) | AT28: Conc. (mg/L) | AU28: Conc. (mg/L) | AV28: Conc. (mg/L) | AW28: Conc. (mg/L) | AX28: Conc. (mg/L) | AY28: Conc. (mg/L) | AZ28: Conc. (mg/L) | BA28: Conc. (mg/L) | BB28: Conc. (mg/L) | BC28: Conc. (mg/L) | BD28: Conc. (mg/L) | BE28: Conc. (mg/L) | BF28: Conc. (mg/L) | BG28: Conc. (mg/L) | BH28: Conc. (mg/L) | BI28: Conc. (mg/L) | BJ28: Conc. (mg/L) | BK28: Conc. (mg/L) | BL28: Conc. (mg/L) | BM28: Conc. (mg/L) | BN28: Conc. (mg/L) | BO28: Conc. (mg/L) | BP28: Conc. (mg/L) | BQ28: Conc. (mg/L) | BR28: Conc. (mg/L) | BS28: Conc. (mg/L) | BT28: Conc. (mg/L) | BU28: Conc. (mg/L) | BV28: Conc. (mg/L) | BW28: Conc. (mg/L) | BX28: Conc. (mg/L) | BY28: Conc. (mg/L) | BZ28: Conc. (mg/L) | CA28: Conc. (mg/L) | CB28: Conc. (mg/L) | CC28: Conc. (mg/L) | CD28: Conc. (mg/L) | CE28: Conc. (mg/L) | CF28: Conc. (mg/L) | CG28: Conc. (mg/L) | CH28: Conc. (mg/L) | CI28: Conc. (mg/L) | CJ28: Conc. (mg/L) | CK28: Conc. (mg/L) | CL28: Conc. (mg/L) | CM28: Conc. (mg/L) | CN28: Conc. (mg/L) | CO28: Conc. (mg/L) | CP28: Conc. (mg/L) | CQ28: Conc. (mg/L) | CR28: Conc. (mg/L) | CS28: Conc. (mg/L) | CT28: Conc. (mg/L) | CU28: Conc. (mg/L) | CV28: Conc. (mg/L) | CW28: Conc. (mg/L) | CX28: Conc. (mg/L) | CY28: Conc. (mg/L) | CZ28: Conc. (mg/L) | DA28: Conc. (mg/L) | DB28: Conc. (mg/L) | DC28: Conc. (mg/L) | DD28: Conc. (mg/L) | DE28: Conc. (mg/L) | DF28: Conc. (mg/L) | DG28: Conc. (mg/L) | DH28: Conc. (mg/L) | DI28: Conc. (mg/L)
A29: Reportable Limit (3xMDL) | B29: Reportable Limit (No Dilution) | C29: 0.007 | D29: 0.009 | E29: 0.012 | F29: 0.013 | G29: 0.014 | H29: 0.0017 | I29: 0.0011 | J29: 0.0007 | K29: 0.001 | L29: 0.0005 | M29: 0.0015 | N29: n/a | O29: n/a | P29: 0.004 | Q29: 0.02 | R29: 0.0007 | S29: 0.0007 | T29: 0.001 | U29: 0.002 | V29: 0.0009 | W29: 0.0014 | X29: 0.0032 | Y29: 0.0005 | Z29: 0.0007 | AA29: 0.002 | AB29: 0.001 | AC29: 0.0003 | AD29: 0.001 | AE29: 0.0005 | AF29: 0.0003 | AG29: 0.0067 | AH29: 0.0025 | AI29: 0.004 | AJ29: 0.005 | AK29: 0.001 | AL29: 0.001 | AM29: 0.002 | AN29: 0.001 | AO29: 7 | AP29: 7 | AQ29: 0.002 | AR29: 0.001 | AS29: 0.002 | AT29: 0.0004 | AU29: 0.0003 | AV29: n/a | AW29: n/a | AX29: 0.0004 | AY29: 0.001 | AZ29: 0.0007 | BA29: 0.0041 | BB29: 0.0007 | BC29: 0.0035 | BD29: 0.0023 | BE29: 0.0022 | BF29: 0.0069 | BG29: 0.0011 | BH29: 0.01 | BI29: 0.06 | BJ29: 0.003 | BK29: 0.002 | BL29: 0.0017 | BM29: 0.0009 | BN29: n/a | BO29: n/a | BP29: 0.011 | BQ29: 0.0053 | BR29: 0.007 | BS29: 0.056 | BT29: 0.034 | BU29: 0.011 | BV29: 0.007 | BW29: n/a | BX29: n/a | BY29: 0.018 | BZ29: 0.025 | CA29: 0.004 | CB29: 0.003 | CC29: 0.001 | CD29: 0.002 | CE29: 0.01 | CF29: 0.005 | CG29: 0.0003 | CH29: 0.0005 | CI29: 0.003 | CJ29: 0.004 | CK29: 0.1 | CL29: 0.01 | CM29: 0.01 | CN29: 0.003 | CO29: 0.0005 | CP29: 0.0005 | CQ29: 0.01 | CR29: 0.03 | CS29: 0.02 | CT29: 0.002 | CU29: 0.001 | CV29: 0.03 | CW29: 0.012 | CX29: 0.0008 | CY29: 0.003 | CZ29: 0.005 | DA29: 0.01 | DB29: n/a | DC29: n/a | DD29: 0.0003 | DE29: 0.0004 | DF29: 0.001 | DG29: 0.0007 | DH29: 0.0006 | DI29: 0.0005
A30: Reportable Limit (3xMDL) | B30: Reportable Limit (No Dilution) | C30: <0.007 | D30: <0.009 | E30: <0.012 | F30: <0.013 | G30: <0.014 | H30: <0.0017 | I30: <0.0011 | J30: <0.0007 | K30: <0.0010 | L30: <0.0005 | M30: <0.0015 | N30: n/a | O30: n/a | P30: <0.004 | Q30: <0.02 | R30: <0.0007 | S30: <0.0007 | T30: <0.001 | U30: <0.002 | V30: <0.0009 | W30: <0.0014 | X30: <0.0032 | Y30: <0.0005 | Z30: <0.0007 | AA30: <0.002 | AB30: <0.001 | AC30: <0.0003 | AD30: <0.001 | AE30: <0.0005 | AF30: <0.0003 | AG30: <0.0067 | AH30: <0.0025 | AI30: <0.004 | AJ30: <0.005 | AK30: <0.001 | AL30: <0.001 | AM30: <0.002 | AN30: <0.001 | AO30: <7 | AP30: <7 | AQ30: <0.002 | AR30: <0.001 | AS30: <0.002 | AT30: <0.0004 | AU30: <0.0003 | AV30: n/a | AW30: n/a | AX30: <0.0004 | AY30: <0.001 | AZ30: <0.0007 | BA30: <0.0041 | BB30: <0.0007 | BC30: <0.0035 | BD30: <0.0023 | BE30: <0.0022 | BF30: <0.0069 | BG30: <0.0011 | BH30: <0.01 | BI30: <0.06 | BJ30: <0.003 | BK30: <0.002 | BL30: <0.0017 | BM30: <0.0009 | BN30: n/a | BO30: n/a | BP30: <0.011 | BQ30: <0.0053 | BR30: <0.007 | BS30: <0.056 | BT30: <0.034 | BU30: <0.011 | BV30: <0.007 | BW30: n/a | BX30: n/a | BY30: <0.018 | BZ30: <0.025 | CA30: <0.004 | CB30: <0.003 | CC30: <0.001 | CD30: <0.002 | CE30: <0.010 | CF30: <0.005 | CG30: <0.0003 | CH30: <0.0005 | CI30: <0.003 | CJ30: <0.004 | CK30: <0.1 | CL30: <0.01 | CM30: <0.01 | CN30: <0.003 | CO30: <0.0005 | CP30: <0.0005 | CQ30: <0.01 | CR30: <0.03 | CS30: <0.02 | CT30: <0.002 | CU30: <0.001 | CV30: <0.03 | CW30: <0.012 | CX30: <0.0008 | CY30: <0.003 | CZ30: <0.005 | DA30: <0.01 | DB30: n/a | DC30: n/a | DD30: <0.0003 | DE30: <0.0004 | DF30: <0.0010 | DG30: <0.0007 | DH30: <0.0006 | DI30: <0.0005
A32: PERCENT RECOVERIES | B32: PERCENT | C32: LOW END, % | D32: UPPER END, %
A33: IPC Blank (NALS Blank) | B33: <RL | E33: <-- EPA 200.7, Section 9.3.4
A34: IPC CCV5 after Calibration | B34: 10 | C34: 90 | D34: 110 | E34: <-- EPA 200.7, Section 9.3.4
A35: IPC CCV5 after Batch | B35: 10 | C35: 90 | D35: 110 | E35: <-- EPA 200.7, Section 9.3.4
A36: Digest Method Blank (LRB) | B36: <RL or up to 10% of sample matrix or 2.2X RL | C36: 10 | D36: 2.2 | E36: <-- EPA 200.7, Section 9.3.1
A37: Digest LFB | B37: 20 | C37: 80 | D37: 120 | E37: <-- EPA 200.7, Section 9.3.2
A38: SAMPLE, RPD Calculated | E38: <-- Standard Method for the Examination of Water and Wastewater, Section 1020 B. Quality Control, and BCMOE SECTION C METALS C-9 Quality Control Table
A39: SAMPLE DUPLICATE, RPD Calculated | B39: 20 | C39: 80 | D39: 120 | E39: <-- Standard Method for the Examination of Water and Wastewater, Section 1020 B. Quality Control, and BCMOE SECTION C METALS C-9 Quality Control Table
A40: LFM Background | E40: <-- Used for calculation for LFM
A41: LFM Spike | B41: 30 | C41: 70 | D41: 130 | E41: <-- EPA 200.7, Section 9.3.5
A42: Instrument LFB | B42: 20 | C42: 80 | D42: 120 | E42: <-- EPA 200.7, Section 9.3.2
A43: Instrument Interference Check | B43: 30 | C43: 70 | D43: 130 | E43: <-- EPA 200.7, Section 9.3.5, while not stated, using LFM values
A44: Instrument ICV | B44: 5 | C44: 95 | D44: 105 | E44: <-- Standard Method for the Examination of Water and Wastewater, Section 1020 B. Quality Control 1. 'First Paragraph'
B47: All Metals Except Hg (mg/L) | C47: Hg (ug/L)
A48: SPIKE AMOUNT (UNDILUTED) | B48: 0.1 | C48: 10
A49: CCV5 Amount | B49: 0.5 | C49: 50
A50: ICV Amount | B50: 0.5 | C50: 50

Sheet TRACKED CHANGES
A1: DATE | B1: VERSION | C1: AUTHOR | D1: EDITS
A2: 45841 | B2: NALS_WTRICPOES_QC_XL_20250703_Rev0 | C2: Erwin Rehl | D2: Entire excel workbook was created by Erwin
A3: 45863 | B3: NALS_WTRICPOES_QC_XL_20250703_Rev0 | C3: Erwin Rehl | D3: Updated ICV and CCV5 equation to not use blank subtraction as they are not diluted into matrix solution after being made. Included equation in "Instructions Tab".

Sheet BATCH VERIFICATION
A1: University of Northern British Columbia
A2: Northern Analytical Laboratory Services
A3: QA/QC Report File (Processing) | B3: =INSTRUCTIONS!A3
A4: BATCH | B4: A
A6: Analyst: | B6: Erwin
A7: NALS Director: | B7: Dr. Hossein Kazemian
A9: Date: | B9: 45819
A10: Client Name: | B10: Multiple Clients
A11: Supervisor: | B11: n/a
A12: Client Company Name: | B12: n/a
A13: Reference File: | B13: 2025NALS02286_2290_2293_2296
A14: Number of Samples: | B14: 1+2+1+2
A15: Detection Limits File: | B15: =INSTRUCTIONS!B11
A17: ICPOES (Raw Data from QA/QC from UNADJUSTED DATA) | C17: Ag 328.068 nm | D17: Ag 338.289 nm | E17: Al 396.152 nm | F17: As 188.980 nm | G17: As 193.696 nm | H17: B 249.678 nm | I17: B 249.772 nm | J17: Ba 493.408 nm | K17: Ba-A 455.403 nm | L17: Be 234.861 nm | M17: Be 313.042 nm | N17: Bi 222.821 nm | O17: Bi 223.061 nm | P17: Ca 317.933 nm | Q17: Ca 422.673 nm | R17: Cd 214.439 nm | S17: Cd 226.502 nm | T17: Ce 418.659 nm | U17: Ce 446.021 nm | V17: Co 238.892 nm | W17: Co 258.033 nm | X17: Cr 206.158 nm | Y17: Cr 267.716 nm | Z17: Cu-A 327.395 nm | AA17: Dy 340.780 nm | AB17: Dy 353.171 nm | AC17: Er 337.275 nm | AD17: Er 349.910 nm | AE17: Eu 397.197 nm | AF17: Eu 420.504 nm | AG17: Fe 234.350 nm | AH17: Fe 238.204 nm | AI17: Ga 294.363 nm | AJ17: Ga 417.204 nm | AK17: Gd 335.048 nm | AL17: Gd 342.246 nm | AM17: Hf 263.872 nm | AN17: Hf 264.141 nm | AO17: Hg 184.887 nm | AP17: Hg 194.164 nm | AQ17: Ho 339.895 nm | AR17: Ho 345.600 nm | AS17: K 766.491 nm | AT17: La 333.749 nm | AU17: La 379.477 nm | AV17: Li 610.365 nm | AW17: Li 670.783 nm | AX17: Lu 261.541 nm | AY17: Lu 291.139 nm | AZ17: Mg 280.270 nm | BA17: Mg 285.213 nm | BB17: Mn 257.610 nm | BC17: Mn 294.921 nm | BD17: Mo 202.032 nm | BE17: Mo 204.598 nm | BF17: Na 588.995 nm | BG17: Na 589.592 nm | BH17: Nb 309.417 nm | BI17: Nb 313.078 nm | BJ17: Nd 401.224 nm | BK17: Nd 406.108 nm | BL17: Ni 216.555 nm | BM17: Ni 231.604 nm | BN17: P 177.434 nm | BO17: P 178.222 nm | BP17: P 213.618 nm | BQ17: Pb 220.353 nm | BR17: Rb 780.026 nm | BS17: S 180.669 nm | BT17: S 181.972 nm | BU17: Sb 206.834 nm | BV17: Sb 217.582 nm | BW17: Sc 335.372 nm | BX17: Sc 361.383 nm | BY17: Se 196.026 nm | BZ17: Se 203.985 nm | CA17: Si 251.611 nm | CB17: Si 288.158 nm | CC17: Sm 359.259 nm | CD17: Sm 360.949 nm | CE17: Sn 189.925 nm | CF17: Sn 283.998 nm | CG17: Sr-R 407.771 nm | CH17: Sr-R 421.552 nm | CI17: Ta 263.558 nm | CJ17: Ta 268.517 nm | CK17: Te 182.153 nm | CL17: Te 214.282 nm | CM17: Th 269.242 nm | CN17: Th 283.730 nm | CO17: Ti 334.941 nm | CP17: Ti 336.122 nm | CQ17: Tl 190.794 nm | CR17: Tl 276.789 nm | CS17: Tl 351.923 nm | CT17: Tm 313.125 nm | CU17: Tm 342.508 nm | CV17: U 367.007 nm | CW17: U 385.957 nm | CX17: V 292.401 nm | CY17: V 309.310 nm | CZ17: W 207.912 nm | DA17: W 209.475 nm | DB17: Y 360.074 nm | DC17: Y 371.029 nm | DD17: Yb 328.937 nm | DE17: Yb 369.419 nm | DF17: Zn 202.548 nm | DG17: Zn 213.857 nm | DH17: Zr 339.198 nm | DI17: Zr 343.823 nm
A18: QA/QC SAMPLES NAMES | B18: Comment | C18: Conc. (mg/L) | D18: Conc. (mg/L) | E18: Conc. (mg/L) | F18: Conc. (mg/L) | G18: Conc. (mg/L) | H18: Conc. (mg/L) | I18: Conc. (mg/L) | J18: Conc. (mg/L) | K18: Conc. (mg/L) | L18: Conc. (mg/L) | M18: Conc. (µg/L) | N18: Conc. (mg/L) | O18: Conc. (mg/L) | P18: Conc. (mg/L) | Q18: Conc. (mg/L) | R18: Conc. (mg/L) | S18: Conc. (mg/L) | T18: Conc. (mg/L) | U18: Conc. (mg/L) | V18: Conc. (mg/L) | W18: Conc. (mg/L) | X18: Conc. (mg/L) | Y18: Conc. (mg/L) | Z18: Conc. (mg/L) | AA18: Conc. (mg/L) | AB18: Conc. (mg/L) | AC18: Conc. (mg/L) | AD18: Conc. (mg/L) | AE18: Conc. (mg/L) | AF18: Conc. (mg/L) | AG18: Conc. (mg/L) | AH18: Conc. (mg/L) | AI18: Conc. (mg/L) | AJ18: Conc. (mg/L) | AK18: Conc. (mg/L) | AL18: Conc. (mg/L) | AM18: Conc. (mg/L) | AN18: Conc. (mg/L) | AO18: Conc. (µg/L) | AP18: Conc. (µg/L) | AQ18: Conc. (mg/L) | AR18: Conc. (mg/L) | AS18: Conc. (mg/L) | AT18: Conc. (mg/L) | AU18: Conc. (mg/L) | AV18: Conc. (mg/L) | AW18: Conc. (mg/L) | AX18: Conc. (mg/L) | AY18: Conc. (mg/L) | AZ18: Conc. (mg/L) | BA18: Conc. (mg/L) | BB18: Conc. (mg/L) | BC18: Conc. (mg/L) | BD18: Conc. (mg/L) | BE18: Conc. (mg/L) | BF18: Conc. (mg/L) | BG18: Conc. (mg/L) | BH18: Conc. (mg/L) | BI18: Conc. (mg/L) | BJ18: Conc. (mg/L) | BK18: Conc. (mg/L) | BL18: Conc. (mg/L) | BM18: Conc. (mg/L) | BN18: Conc. (mg/L) | BO18: Conc. (mg/L) | BP18: Conc. (mg/L) | BQ18: Conc. (mg/L) | BR18: Conc. (mg/L) | BS18: Conc. (mg/L) | BT18: Conc. (mg/L) | BU18: Conc. (mg/L) | BV18: Conc. (mg/L) | BW18: Conc. (mg/L) | BX18: Conc. (mg/L) | BY18: Conc. (mg/L) | BZ18: Conc. (mg/L) | CA18: Conc. (mg/L) | CB18: Conc. (mg/L) | CC18: Conc. (mg/L) | CD18: Conc. (mg/L) | CE18: Conc. (mg/L) | CF18: Conc. (mg/L) | CG18: Conc. (mg/L) | CH18: Conc. (mg/L) | CI18: Conc. (mg/L) | CJ18: Conc. (mg/L) | CK18: Conc. (mg/L) | CL18: Conc. (mg/L) | CM18: Conc. (mg/L) | CN18: Conc. (mg/L) | CO18: Conc. (mg/L) | CP18: Conc. (mg/L) | CQ18: Conc. (mg/L) | CR18: Conc. (mg/L) | CS18: Conc. (mg/L) | CT18: Conc. (mg/L) | CU18: Conc. (mg/L) | CV18: Conc. (mg/L) | CW18: Conc. (mg/L) | CX18: Conc. (mg/L) | CY18: Conc. (mg/L) | CZ18: Conc. (mg/L) | DA18: Conc. (mg/L) | DB18: Conc. (mg/L) | DC18: Conc. (mg/L) | DD18: Conc. (mg/L) | DE18: Conc. (mg/L) | DF18: Conc. (mg/L) | DG18: Conc. (mg/L) | DH18: Conc. (mg/L) | DI18: Conc. (mg/L)
A19: IPC Blank after Calibration (NALS Blank) | B19: IPC Blank | C19: 0.0017 | D19: -0.0002 u | E19: -0.0042 u | F19: -0.0066 u | G19: 0.0037 | H19: 0.0001 u | I19: 0.0002 | J19: 0.0000 u | K19: 0 | L19: 0.0000 u | M19: 0.0004 | N19: Uncal | O19: Uncal | P19: -0.0068 u | Q19: -0.0114 u | R19: 0.0001 | S19: -0.0001 u | T19: 0.0000 u | U19: 0.0002 | V19: -0.0001 u | W19: 0.0001 u | X19: -0.0021 u | Y19: 0.0001 | Z19: 0.0001 u | AA19: 0.0004 u | AB19: 0.0000 u | AC19: 0.0002 | AD19: 0.0000 u | AE19: 0.0001 | AF19: 0.0000 u | AG19: 0.0015 | AH19: 0.0016 | AI19: 0.0006 | AJ19: 0.0006 u | AK19: 0.0001 u | AL19: -0.0001 u | AM19: 0.0001 u | AN19: 0.0003 | AO19: 1.2945 | AP19: -2.3549 u | AQ19: -0.0003 u | AR19: -0.0001 u | AS19: 0.0001 u | AT19: 0.0000 u | AU19: 0.0000 u | AV19: Uncal | AW19: Uncal | AX19: 0.0000 u | AY19: 0.0001 u | AZ19: 0.0000 u | BA19: -0.0006 u | BB19: 0.0002 | BC19: 0.0012 | BD19: 0.0008 | BE19: 0.0019 | BF19: -0.0025 u | BG19: 0.0001 u | BH19: 0.0008 | BI19: -0.0053 u | BJ19: 0.0002 | BK19: 0.0003 u | BL19: 0.0004 | BM19: -0.0003 u | BN19: Uncal | BO19: -0.0089 u | BP19: 0.0051 | BQ19: 0.0006 | BR19: 0.0009 u | BS19: 0.0000 u | BT19: -0.0032 u | BU19: 0.0020 u | BV19: 0.0043 | BW19: Uncal | BX19: Uncal | BY19: 0.0017 u | BZ19: -0.0037 u | CA19: -0.0001 u | CB19: 0.0002 | CC19: 0.0001 | CD19: -0.0002 u | CE19: -0.0038 u | CF19: -0.0002 u | CG19: 0.0000 u | CH19: -0.0001 u | CI19: 0.0001 u | CJ19: 0.0003 u | CK19: 0.0008 u | CL19: 0.0007 u | CM19: -0.0012 u | CN19: 0.0001 u | CO19: 0.0004 | CP19: 0.0003 | CQ19: 0.0008 u | CR19: -0.0047 u | CS19: -0.0045 u | CT19: -0.0003 u | CU19: 0.0000 u | CV19: 0.0002 u | CW19: -0.0002 u | CX19: -0.0003 u | CY19: 0 | CZ19: 0.003 | DA19: 0.0044 | DB19: Uncal | DC19: Uncal | DD19: 0 | DE19: 0.0000 u | DF19: 0.0000 u | DG19: -0.0003 u | DH19: 0.0000 u | DI19: 0.0000 u
A20: IPC CCV5 after Calibration | B20: CCV 500ppb | C20: 0.4009 | D20: 0.4004 | E20: 0.5087 | F20: 0.4977 | G20: 0.5047 | H20: 0.4992 | I20: 0.5045 | J20: 0.4975 | K20: 0.5006 | L20: 0.5044 | M20: 0.515 | N20: Uncal | O20: Uncal | P20: 0.4992 | Q20: 0.5017 | R20: 0.4998 | S20: 0.5076 | T20: 0.5011 | U20: 0.4977 | V20: 0.4989 | W20: 0.4996 | X20: 0.5028 | Y20: 0.502 | Z20: 0.5 | AA20: 0.505 | AB20: 0.5032 | AC20: 0.5128 | AD20: 0.5049 | AE20: 0.5144 | AF20: 0.5103 | AG20: 0.5152 | AH20: 0.5153 | AI20: 0.4994 | AJ20: 0.5002 | AK20: 0.5011 | AL20: 0.5029 | AM20: 0.5001 | AN20: 0.499 | AO20: 49.5219 | AP20: 47.9035 | AQ20: 0.5034 | AR20: 0.5005 | AS20: 0.5123 | AT20: 0.5055 | AU20: 0.5015 | AV20: Uncal | AW20: Uncal | AX20: 0.5006 | AY20: 0.4996 | AZ20: 0.5099 | BA20: 0.5056 | BB20: 0.5041 | BC20: 0.5022 | BD20: 0.5 | BE20: 0.5002 | BF20: 0.5015 | BG20: 0.5128 | BH20: 0.5004 | BI20: 0.4861 | BJ20: 0.4974 | BK20: 0.5019 | BL20: 0.5032 | BM20: 0.5006 | BN20: Uncal | BO20: 0.5344 | BP20: 0.513 | BQ20: 0.4979 | BR20: 0.4861 | BS20: 0.4846 | BT20: 0.4936 | BU20: 0.4875 | BV20: 0.4852 | BW20: Uncal | BX20: Uncal | BY20: 0.504 | BZ20: 0.5092 | CA20: 0.4997 | CB20: 0.4975 | CC20: 0.5082 | CD20: 0.5073 | CE20: 0.5062 | CF20: 0.503 | CG20: 0.4999 | CH20: 0.4994 | CI20: 0.51 | CJ20: 0.5094 | CK20: 0.4998 | CL20: 0.5057 | CM20: 0.4938 | CN20: 0.5162 | CO20: 0.499 | CP20: 0.5035 | CQ20: 0.5024 | CR20: 0.4957 | CS20: 0.502 | CT20: 0.5567 | CU20: 0.503 | CV20: 0.4891 | CW20: 0.5032 | CX20: 0.506 | CY20: 0.5207 | CZ20: 0.4976 | DA20: 0.4948 | DB20: Uncal | DC20: Uncal | DD20: 0.5042 | DE20: 0.507 | DF20: 0.4997 | DG20: 0.5003 | DH20: 0.5038 | DI20: 0.5025
A21: IPC CCV5 after Batch | B21: CCV 500ppb | C21: 0.4 | D21: 0.3967 | E21: 0.5042 | F21: 0.4965 | G21: 0.506 | H21: 0.5002 | I21: 0.5054 | J21: 0.4992 | K21: 0.5018 | L21: 0.5041 | M21: 0.5166 | N21: Uncal | O21: Uncal | P21: 0.4985 | Q21: 0.4975 | R21: 0.5003 | S21: 0.5073 | T21: 0.5014 | U21: 0.4986 | V21: 0.4995 | W21: 0.5008 | X21: 0.5043 | Y21: 0.5015 | Z21: 0.5005 | AA21: 0.5048 | AB21: 0.5043 | AC21: 0.5105 | AD21: 0.5048 | AE21: 0.5137 | AF21: 0.5108 | AG21: 0.5024 | AH21: 0.5024 | AI21: 0.5004 | AJ21: 0.5011 | AK21: 0.5003 | AL21: 0.5039 | AM21: 0.4994 | AN21: 0.4977 | AO21: 49.3751 | AP21: 49.0272 | AQ21: 0.503 | AR21: 0.5002 | AS21: 0.5143 | AT21: 0.5032 | AU21: 0.5027 | AV21: Uncal | AW21: Uncal | AX21: 0.5014 | AY21: 0.4994 | AZ21: 0.5095 | BA21: 0.5027 | BB21: 0.5034 | BC21: 0.5016 | BD21: 0.5016 | BE21: 0.5029 | BF21: 0.5091 | BG21: 0.516 | BH21: 0.4974 | BI21: 0.4851 | BJ21: 0.4989 | BK21: 0.5019 | BL21: 0.5032 | BM21: 0.5003 | BN21: Uncal | BO21: 0.5082 | BP21: 0.5068 | BQ21: 0.4969 | BR21: 0.4867 | BS21: 0.4997 | BT21: 0.5025 | BU21: 0.4916 | BV21: 0.4873 | BW21: Uncal | BX21: Uncal | BY21: 0.5107 | BZ21: 0.5116 | CA21: 0.5012 | CB21: 0.4998 | CC21: 0.5109 | CD21: 0.5075 | CE21: 0.5065 | CF21: 0.503 | CG21: 0.504 | CH21: 0.5028 | CI21: 0.5092 | CJ21: 0.5068 | CK21: 0.5268 | CL21: 0.5038 | CM21: 0.495 | CN21: 0.5158 | CO21: 0.5009 | CP21: 0.503 | CQ21: 0.503 | CR21: 0.4949 | CS21: 0.4948 | CT21: 0.5588 | CU21: 0.5042 | CV21: 0.4918 | CW21: 0.5029 | CX21: 0.5063 | CY21: 0.521 | CZ21: 0.4966 | DA21: 0.4944 | DB21: Uncal | DC21: Uncal | DD21: 0.505 | DE21: 0.5097 | DF21: 0.5007 | DG21: 0.5018 | DH21: 0.5049 | DI21: 0.5038
A22: Digest Method Blank (LRB) | B22: 2025NALS02293 A01 | C22: 0.0004 | D22: -0.0002 u | E22: 0.0012 u | F22: -0.0036 u | G22: 0.0041 | H22: 0.0006 | I22: 0.0006 | J22: -0.0003 u | K22: 0.0000 u | L22: 0.0000 u | M22: 0.0004 | N22: Uncal | O22: Uncal | P22: -0.0042 u | Q22: -0.0023 u | R22: 0.0001 | S22: -0.0001 u | T22: -0.0001 u | U22: 0.0001 | V22: 0.0000 u | W22: -0.0001 u | X22: -0.0009 u | Y22: 0.0001 | Z22: 0.0000 u | AA22: 0.0002 u | AB22: 0.0000 u | AC22: 0.0000 u | AD22: 0 | AE22: 0.0000 u | AF22: 0.0000 u | AG22: -0.0001 u | AH22: -0.0001 u | AI22: 0.0005 | AJ22: 0.0005 | AK22: 0.0002 u | AL22: -0.0001 u | AM22: -0.0001 u | AN22: 0.0001 u | AO22: 0.5189 u | AP22: -1.5927 u | AQ22: -0.0003 u | AR22: -0.0002 u | AS22: -0.0005 u | AT22: -0.0001 u | AU22: 0.0000 u | AV22: Uncal | AW22: Uncal | AX22: 0.0000 u | AY22: 0.0001 u | AZ22: 0.0003 | BA22: 0.0005 u | BB22: 0.0000 u | BC22: 0.0012 | BD22: -0.0001 u | BE22: 0.0007 | BF22: 0.0003 u | BG22: 0.0025 | BH22: -0.0003 u | BI22: -0.0105 u | BJ22: 0.0000 u | BK22: 0.0004 | BL22: 0.0008 | BM22: -0.0002 u | BN22: Uncal | BO22: 0.0067 u | BP22: 0.0076 | BQ22: 0.0014 | BR22: 0.0013 | BS22: 0.0028 u | BT22: 0.0071 | BU22: 0.0012 u | BV22: 0.0016 u | BW22: Uncal | BX22: Uncal | BY22: -0.0034 u | BZ22: -0.0004 u | CA22: 0.0092 | CB22: 0.0094 | CC22: 0.0002 | CD22: -0.0002 u | CE22: -0.0017 u | CF22: -0.0002 u | CG22: 0.0000 u | CH22: 0.0000 u | CI22: -0.0001 u | CJ22: 0.0003 u | CK22: -0.0144 u | CL22: -0.0006 u | CM22: -0.0013 u | CN22: 0.0004 | CO22: 0 | CP22: 0.0001 | CQ22: 0.0002 u | CR22: -0.0024 u | CS22: -0.0052 u | CT22: -0.0001 u | CU22: -0.0002 u | CV22: -0.0019 u | CW22: 0.0004 u | CX22: -0.0002 u | CY22: 0.0000 u | CZ22: 0.0009 | DA22: -0.0017 u | DB22: Uncal | DC22: Uncal | DD22: 0 | DE22: 0.0000 u | DF22: 0.0005 | DG22: 0.0004 | DH22: 0.0000 u | DI22: 0.0000 u
A23: Digest LFB | B23: 2025NALS02293 A02 | C23: 0.0297 | D23: 0.0231 | E23: 0.1032 | F23: 0.0967 | G23: 0.0966 | H23: 0.102 | I23: 0.1024 | J23: 0.1033 | K23: 0.1043 | L23: 0.1031 | M23: 0.1058 | N23: Uncal | O23: Uncal | P23: 0.0974 | Q23: 0.1 | R23: 0.1021 | S23: 0.1031 | T23: 0.0924 | U23: 0.0938 | V23: 0.1038 | W23: 0.1034 | X23: 0.1015 | Y23: 0.103 | Z23: 0.1032 | AA23: 0.1015 | AB23: 0.1032 | AC23: 0.1026 | AD23: 0.1026 | AE23: 0.1054 | AF23: 0.1047 | AG23: 0.1032 | AH23: 0.1037 | AI23: 0.0983 | AJ23: 0.1002 | AK23: 0.1016 | AL23: 0.1024 | AM23: 0.1 | AN23: 0.099 | AO23: 9.1142 | AP23: 7.971 | AQ23: 0.1026 | AR23: 0.1025 | AS23: 0.1006 | AT23: 0.1027 | AU23: 0.1027 | AV23: Uncal | AW23: Uncal | AX23: 0.1024 | AY23: 0.1028 | AZ23: 0.1044 | BA23: 0.1042 | BB23: 0.102 | BC23: 0.1026 | BD23: 0.105 | BE23: 0.1074 | BF23: 0.1037 | BG23: 0.1048 | BH23: 0.0851 | BI23: 0.0779 | BJ23: 0.0977 | BK23: 0.103 | BL23: 0.1045 | BM23: 0.1029 | BN23: Uncal | BO23: 0.1145 | BP23: 0.105 | BQ23: 0.1011 | BR23: 0.0962 | BS23: 0.0962 | BT23: 0.1036 | BU23: 0.0995 | BV23: 0.0999 | BW23: Uncal | BX23: Uncal | BY23: 0.1004 | BZ23: 0.0932 | CA23: 0.1096 | CB23: 0.1037 | CC23: 0.1032 | CD23: 0.1038 | CE23: 0.1014 | CF23: 0.1043 | CG23: 0.1027 | CH23: 0.1025 | CI23: 0.0625 | CJ23: 0.0623 | CK23: 0.1163 | CL23: 0.0978 | CM23: 0.0976 | CN23: 0.1011 | CO23: 0.0994 | CP23: 0.0998 | CQ23: 0.0993 | CR23: 0.0933 | CS23: 0.0974 | CT23: 0.1076 | CU23: 0.1026 | CV23: 0.0794 | CW23: 0.1001 | CX23: 0.1028 | CY23: 0.0986 | CZ23: 0.0945 | DA23: 0.0923 | DB23: Uncal | DC23: Uncal | DD23: 0.1042 | DE23: 0.1041 | DF23: 0.1029 | DG23: 0.1032 | DH23: 0.1 | DI23: 0.0996
A24: SAMPLE, RPD Calculated | B24: 2025NALS02293 A03 | C24: -0.0003 u | D24: -0.0007 u | E24: 0.0043 | F24: 0.0002 u | G24: 0.003 | H24: 0.0048 | I24: 0.005 | J24: 0.0221 | K24: 0.022 | L24: 0.0000 u | M24: 0.0004 | N24: Uncal | O24: Uncal | P24: 29.4233 | Q24: 28.9931 | R24: 0.0002 | S24: 0.0000 u | T24: -0.0006 u | U24: 0.0001 u | V24: 0.0000 u | W24: 0.0003 | X24: 0.0002 u | Y24: 0.0001 | Z24: 0.2819 | AA24: 0.0004 | AB24: 0.0000 u | AC24: 0.0001 u | AD24: 0.0008 | AE24: -0.0001 u | AF24: 0.0000 u | AG24: 0.0095 | AH24: 0.0091 | AI24: -0.0001 u | AJ24: -0.0008 u | AK24: 0.0014 | AL24: 0.0002 | AM24: 0.0005 | AN24: 0.0001 | AO24: 1.5117 | AP24: -1.5423 u | AQ24: -0.0006 u | AR24: -0.0001 u | AS24: 1.6497 | AT24: 0.0035 | AU24: 0.0002 | AV24: Uncal | AW24: Uncal | AX24: 0 | AY24: 0.0005 | AZ24: 8.8887 | BA24: 8.8506 | BB24: 0.0048 | BC24: 0.0063 | BD24: 0.0028 | BE24: 0.0033 | BF24: 5.4815 | BG24: 5.4966 | BH24: 0.0018 | BI24: -0.0101 u | BJ24: -0.0007 u | BK24: 0.0006 | BL24: 0.0009 | BM24: 0.0000 u | BN24: Uncal | BO24: 0.0045 u | BP24: 0.0209 | BQ24: -0.0001 u | BR24: 0.0001 u | BS24: 3.4935 | BT24: 3.5196 | BU24: -0.0002 u | BV24: 0.001 | BW24: Uncal | BX24: Uncal | BY24: -0.0034 u | BZ24: 0.0027 u | CA24: 4.7145 o | CB24: 4.6166 o | CC24: 0.0000 u | CD24: 0.0007 | CE24: -0.0014 u | CF24: 0.0053 | CG24: 0.1317 | CH24: 0.1358 | CI24: 0.0009 | CJ24: 0.0001 u | CK24: 0.0013 u | CL24: 0.0018 | CM24: 0.0039 | CN24: 0.0000 u | CO24: 0.0000 u | CP24: -0.0001 u | CQ24: 0.0003 | CR24: -0.0072 u | CS24: 0.0001 u | CT24: -0.0002 u | CU24: 0.0000 u | CV24: 0.0609 | CW24: -0.0121 u | CX24: 0.0006 | CY24: 0.0208 | CZ24: 0.0014 | DA24: -0.0013 u | DB24: Uncal | DC24: Uncal | DD24: 0.0001 | DE24: 0.0001 | DF24: 0.0077 | DG24: 0.006 | DH24: 0.0000 u | DI24: 0
A25: SAMPLE DUPLICATE, RPD Calculated | B25: 2025NALS02293 A04 | C25: -0.0002 u | D25: -0.0005 u | E25: 0.005 | F25: -0.0035 u | G25: 0.0061 | H25: 0.0048 | I25: 0.0049 | J25: 0.0221 | K25: 0.022 | L25: 0.0000 u | M25: 0.0004 | N25: Uncal | O25: Uncal | P25: 29.4265 | Q25: 28.8258 | R25: 0.0001 | S25: -0.0001 u | T25: -0.0007 u | U25: 0.0003 | V25: 0.0002 | W25: 0.0006 | X25: -0.0020 u | Y25: 0.0002 | Z25: 0.2813 | AA25: 0.0003 | AB25: 0.0000 u | AC25: 0.0000 u | AD25: 0.0004 | AE25: -0.0001 u | AF25: 0 | AG25: 0.0108 | AH25: 0.0091 | AI25: 0.0000 u | AJ25: -0.0005 u | AK25: 0.0012 | AL25: 0.0002 | AM25: 0.0005 | AN25: 0.0000 u | AO25: 1.0849 | AP25: 0.1124 u | AQ25: -0.0003 u | AR25: -0.0002 u | AS25: 1.6463 | AT25: 0.0038 | AU25: 0.0000 u | AV25: Uncal | AW25: Uncal | AX25: 0 | AY25: 0.0006 | AZ25: 8.9013 | BA25: 8.8665 | BB25: 0.0048 | BC25: 0.0061 | BD25: 0.0025 | BE25: 0.0026 | BF25: 5.4582 | BG25: 5.4574 | BH25: 0.0015 | BI25: 0.0094 | BJ25: -0.0007 u | BK25: 0.0006 | BL25: 0.0012 | BM25: -0.0002 u | BN25: Uncal | BO25: 0.0239 | BP25: 0.017 | BQ25: 0.0009 u | BR25: -0.0006 u | BS25: 3.4799 | BT25: 3.5118 | BU25: 0.0032 u | BV25: 0.0016 u | BW25: Uncal | BX25: Uncal | BY25: 0.0009 u | BZ25: -0.0035 u | CA25: 4.7049 o | CB25: 4.6202 o | CC25: -0.0004 u | CD25: 0.0007 | CE25: -0.0013 u | CF25: 0.0052 | CG25: 0.1317 | CH25: 0.136 | CI25: 0.0008 | CJ25: 0.0000 u | CK25: -0.0173 u | CL25: 0.0014 u | CM25: 0.004 | CN25: -0.0004 u | CO25: -0.0001 u | CP25: -0.0001 u | CQ25: 0.0000 u | CR25: -0.0095 u | CS25: 0.0000 u | CT25: -0.0002 u | CU25: 0.0001 u | CV25: 0.06 | CW25: -0.0132 u | CX25: 0.0008 | CY25: 0.0163 | CZ25: 0.0014 | DA25: -0.0007 u | DB25: Uncal | DC25: Uncal | DD25: 0.0001 | DE25: 0.0001 | DF25: 0.0075 | DG25: 0.0061 | DH25: 0.0000 u | DI25: 0.0000 u
A26: LFM Background (10X Dil. of Sample) | B26: 2025NALS02293 A03 - Dil. 10X | C26: 0.0006 | D26: 0.0001 u | E26: 0.0007 u | F26: -0.0028 u | G26: -0.0008 u | H26: 0.0005 | I26: 0.0005 | J26: 0.0021 | K26: 0.0023 | L26: 0.0000 u | M26: -0.0003 u | N26: Uncal | O26: Uncal | P26: 2.9521 | Q26: 2.8867 | R26: 0.0001 | S26: 0.0000 u | T26: 0.0001 u | U26: 0.0000 u | V26: 0.0000 u | W26: -0.0001 u | X26: -0.0003 u | Y26: 0.0000 u | Z26: 0.0286 | AA26: 0.0002 | AB26: 0.0000 u | AC26: 0.0000 u | AD26: 0.0001 | AE26: -0.0001 u | AF26: 0.0000 u | AG26: 0.0016 | AH26: 0.0012 | AI26: 0.0000 u | AJ26: -0.0007 u | AK26: -0.0005 u | AL26: 0.0001 | AM26: 0.0002 u | AN26: -0.0001 u | AO26: -0.7129 u | AP26: -1.7131 u | AQ26: -0.0001 u | AR26: 0.0001 | AS26: 0.138 | AT26: 0.0002 | AU26: 0.0000 u | AV26: Uncal | AW26: Uncal | AX26: 0.0000 u | AY26: 0.0000 u | AZ26: 0.8955 | BA26: 0.8873 | BB26: 0.0007 | BC26: 0.0014 | BD26: 0.0008 | BE26: -0.0001 u | BF26: 0.5415 | BG26: 0.5116 | BH26: 0.0003 | BI26: 0.0000 u | BJ26: -0.0002 u | BK26: -0.0003 u | BL26: -0.0005 u | BM26: 0.0001 u | BN26: Uncal | BO26: -0.0004 u | BP26: 0.0064 | BQ26: 0.0001 u | BR26: 0.0000 u | BS26: 0.3458 | BT26: 0.3524 | BU26: 0.0021 | BV26: 0.0002 u | BW26: Uncal | BX26: Uncal | BY26: -0.0085 u | BZ26: -0.0078 u | CA26: 0.5022 | CB26: 0.4869 | CC26: -0.0003 u | CD26: 0.0002 | CE26: 0.0011 u | CF26: 0.0013 | CG26: 0.0132 | CH26: 0.0133 | CI26: 0.0001 u | CJ26: -0.0006 u | CK26: 0.0070 u | CL26: 0.0008 u | CM26: 0.0000 u | CN26: 0.0003 u | CO26: 0.0001 | CP26: 0.0002 | CQ26: -0.0024 u | CR26: -0.0052 u | CS26: 0.0074 | CT26: -0.0001 u | CU26: 0.0000 u | CV26: -0.0002 u | CW26: -0.0061 u | CX26: 0.0002 | CY26: 0.0002 | CZ26: 0.0017 | DA26: -0.0008 u | DB26: Uncal | DC26: Uncal | DD26: 0 | DE26: 0 | DF26: 0.001 | DG26: 0.0009 | DH26: 0.0000 u | DI26: 0.0000 u
A27: LFM Spike | B27: 2025NALS02293 A05 | C27: 0.0292 | D27: 0.0225 | E27: 0.1042 | F27: 0.1002 | G27: 0.0984 | H27: 0.1037 | I27: 0.1038 | J27: 0.1053 | K27: 0.1063 | L27: 0.104 | M27: 0.1069 | N27: Uncal | O27: Uncal | P27: 3.1018 | Q27: 3.0629 | R27: 0.102 | S27: 0.1028 | T27: 0.0922 | U27: 0.0932 | V27: 0.103 | W27: 0.1026 | X27: 0.1031 | Y27: 0.1033 | Z27: 0.13 | AA27: 0.1015 | AB27: 0.103 | AC27: 0.1026 | AD27: 0.1025 | AE27: 0.1049 | AF27: 0.1046 | AG27: 0.1039 | AH27: 0.1044 | AI27: 0.0993 | AJ27: 0.1016 | AK27: 0.1018 | AL27: 0.1027 | AM27: 0.1003 | AN27: 0.0984 | AO27: 11.2645 | AP27: 9.8008 | AQ27: 0.1016 | AR27: 0.1023 | AS27: 0.2502 | AT27: 0.1019 | AU27: 0.1025 | AV27: Uncal | AW27: Uncal | AX27: 0.1023 | AY27: 0.1025 | AZ27: 1.0264 | BA27: 1.0154 | BB27: 0.1022 | BC27: 0.1043 | BD27: 0.1063 | BE27: 0.1063 | BF27: 0.6602 | BG27: 0.6262 | BH27: 0.0861 | BI27: 0.0792 | BJ27: 0.0969 | BK27: 0.1029 | BL27: 0.1029 | BM27: 0.1022 | BN27: Uncal | BO27: 0.1224 | BP27: 0.1099 | BQ27: 0.1009 | BR27: 0.0988 | BS27: 0.4368 | BT27: 0.4631 | BU27: 0.102 | BV27: 0.0991 | BW27: Uncal | BX27: Uncal | BY27: 0.0997 | BZ27: 0.0993 | CA27: 0.6142 | CB27: 0.5885 | CC27: 0.103 | CD27: 0.1033 | CE27: 0.1033 | CF27: 0.1045 | CG27: 0.1159 | CH27: 0.1164 | CI27: 0.0627 | CJ27: 0.0625 | CK27: 0.0975 | CL27: 0.0984 | CM27: 0.0972 | CN27: 0.1009 | CO27: 0.0994 | CP27: 0.1001 | CQ27: 0.1013 | CR27: 0.0951 | CS27: 0.0998 | CT27: 0.1087 | CU27: 0.1029 | CV27: 0.0849 | CW27: 0.0999 | CX27: 0.1037 | CY27: 0.1029 | CZ27: 0.0941 | DA27: 0.0937 | DB27: Uncal | DC27: Uncal | DD27: 0.1039 | DE27: 0.104 | DF27: 0.1033 | DG27: 0.1033 | DH27: 0.1001 | DI27: 0.0997
A28: Instrument LFB | B28: Lab Fortified Blank 1ppm May 29/25 ICV | C28: 0.0321 | D28: 0.026 | E28: 0.094 | F28: 0.0956 | G28: 0.0948 | H28: 0.0996 | I28: 0.0997 | J28: 0.1002 | K28: 0.1017 | L28: 0.1011 | M28: 0.1013 | N28: Uncal | O28: Uncal | P28: 0.0943 | Q28: 0.0954 | R28: 0.1007 | S28: 0.1001 | T28: 0.0903 | U28: 0.0909 | V28: 0.1004 | W28: 0.1003 | X28: 0.0984 | Y28: 0.1004 | Z28: 0.0983 | AA28: 0.0977 | AB28: 0.1 | AC28: 0.0983 | AD28: 0.0993 | AE28: 0.1 | AF28: 0.1007 | AG28: 0.0988 | AH28: 0.1 | AI28: 0.096 | AJ28: 0.0981 | AK28: 0.0997 | AL28: 0.0995 | AM28: 0.0975 | AN28: 0.0959 | AO28: 10.3399 | AP28: 8.4278 | AQ28: 0.0986 | AR28: 0.0992 | AS28: 0.0972 | AT28: 0.0997 | AU28: 0.0999 | AV28: Uncal | AW28: Uncal | AX28: 0.1012 | AY28: 0.1006 | AZ28: 0.0999 | BA28: 0.1 | BB28: 0.0986 | BC28: 0.0991 | BD28: 0.1028 | BE28: 0.103 | BF28: 0.0998 | BG28: 0.1001 | BH28: Uncal | BI28: Uncal | BJ28: 0.0959 | BK28: 0.0996 | BL28: 0.1015 | BM28: 0.1006 | BN28: Uncal | BO28: 0.1006 | BP28: 0.1018 | BQ28: 0.0987 | BR28: 0.0995 | BS28: 0.0909 | BT28: 0.0967 | BU28: 0.0954 | BV28: 0.0911 | BW28: Uncal | BX28: Uncal | BY28: 0.0951 | BZ28: 0.0853 | CA28: 0.1 | CB28: 0.0987 | CC28: 0.0988 | CD28: 0.0997 | CE28: 0.0977 | CF28: 0.0993 | CG28: 0.0995 | CH28: 0.0991 | CI28: 0.0878 | CJ28: 0.0874 | CK28: 0.1077 | CL28: 0.0993 | CM28: 0.0961 | CN28: 0.0975 | CO28: 0.098 | CP28: 0.0975 | CQ28: 0.0949 | CR28: 0.1003 | CS28: 0.1027 | CT28: 0.1023 | CU28: 0.099 | CV28: 0.0761 | CW28: 0.0923 | CX28: 0.0996 | CY28: 0.0948 | CZ28: 0.0927 | DA28: 0.0938 | DB28: Uncal | DC28: Uncal | DD28: 0.101 | DE28: 0.1012 | DF28: 0.1013 | DG28: 0.1005 | DH28: 0.0995 | DI28: 0.0968
A29: Instrument Interference Check | B29: Interference Check 1ppm May 29/25 ICV | C29: 0.0306 | D29: 0.0281 | E29: 28.2122 o | F29: 0.103 | G29: 0.0844 | H29: 0.0909 | I29: 0.1858 | J29: 0.1017 | K29: 0.0997 | L29: 0.0898 | M29: 0.1001 | N29: Uncal | O29: Uncal | P29: 0.1122 | Q29: 0.104 | R29: 0.1011 | S29: 0.1085 | T29: 0.0791 | U29: 0.0885 | V29: 0.0216 | W29: 0.1016 | X29: 0.0969 | Y29: 0.098 | Z29: 0.1 | AA29: 0.0859 | AB29: 0.0962 | AC29: 0.0958 | AD29: 0.0965 | AE29: 0.0976 | AF29: 0.098 | AG29: 144.3939 o | AH29: 145.1832 o | AI29: 0.1035 | AJ29: 0.1461 | AK29: 0.1025 | AL29: 0.1207 | AM29: 0.0959 | AN29: 0.0896 | AO29: 10.405 | AP29: 8.8638 | AQ29: 0.0926 | AR29: 0.0953 | AS29: 0.1351 | AT29: 0.0958 | AU29: 0.0934 | AV29: Uncal | AW29: Uncal | AX29: 0.1028 | AY29: 0.0988 | AZ29: 0.0983 | BA29: 0.0889 | BB29: 0.0969 | BC29: 0.197 | BD29: 0.0995 | BE29: 0.1023 | BF29: 0.1367 | BG29: 0.135 | BH29: Uncal | BI29: Uncal | BJ29: 0.0925 | BK29: 0.1037 | BL29: 19.8724 o | BM29: 19.4050 o | BN29: Uncal | BO29: 0.1227 | BP29: 0.1054 | BQ29: 0.0987 | BR29: 0.1169 | BS29: 0.0966 | BT29: 0.091 | BU29: 0.0986 | BV29: 0.0881 | BW29: Uncal | BX29: Uncal | BY29: 0.0779 | BZ29: 0.0823 | CA29: 0.0919 | CB29: 0.0917 | CC29: 0.0991 | CD29: 0.0836 | CE29: 0.0978 | CF29: 0.0751 | CG29: 0.0992 | CH29: 0.0992 | CI29: 0.0755 | CJ29: 0.0877 | CK29: 1.9872 o | CL29: 0.1164 | CM29: -0.0262 u | CN29: 0.2121 | CO29: 0.096 | CP29: 0.0982 | CQ29: 0.093 | CR29: 0.0569 | CS29: 0.089 | CT29: 0.0972 | CU29: 0.1153 | CV29: 0.7374 | CW29: 0.3034 | CX29: 0.1044 | CY29: 0.0141 | CZ29: 0.0921 | DA29: 0.0885 | DB29: Uncal | DC29: Uncal | DD29: 0.0993 | DE29: 0.099 | DF29: 0.1023 | DG29: 0.2285 | DH29: 0.0971 | DI29: 0.0993
A30: Instrument ICV | B30: ICV LVL 5 Jun 9/25 | C30: 0.3987 | D30: 0.3923 | E30: 0.4965 | F30: 0.4984 | G30: 0.4988 | H30: 0.4986 | I30: 0.4989 | J30: 0.5007 | K30: 0.5044 | L30: 0.5038 | M30: 0.5023 | N30: Uncal | O30: Uncal | P30: 0.498 | Q30: 0.498 | R30: 0.5014 | S30: 0.5002 | T30: 0.4522 | U30: 0.454 | V30: 0.4973 | W30: 0.4984 | X30: 0.5062 | Y30: 0.5019 | Z30: 0.4966 | AA30: 0.4977 | AB30: 0.5021 | AC30: 0.4925 | AD30: 0.5024 | AE30: 0.5011 | AF30: 0.5038 | AG30: 0.5008 | AH30: 0.5034 | AI30: 0.4949 | AJ30: 0.4984 | AK30: 0.5016 | AL30: 0.5007 | AM30: 0.4905 | AN30: 0.4852 | AO30: 47.8057 | AP30: 46.1059 | AQ30: 0.5013 | AR30: 0.4999 | AS30: 0.5126 | AT30: 0.4994 | AU30: 0.4997 | AV30: Uncal | AW30: Uncal | AX30: 0.5055 | AY30: 0.5033 | AZ30: 0.5039 | BA30: 0.5019 | BB30: 0.4963 | BC30: 0.4952 | BD30: 0.5202 | BE30: 0.5209 | BF30: 0.497 | BG30: 0.5054 | BH30: Uncal | BI30: Uncal | BJ30: 0.4952 | BK30: 0.4962 | BL30: 0.5002 | BM30: 0.498 | BN30: Uncal | BO30: 0.519 | BP30: 0.4949 | BQ30: 0.5 | BR30: 0.5134 | BS30: 0.4842 | BT30: 0.4889 | BU30: 0.4947 | BV30: 0.4965 | BW30: Uncal | BX30: Uncal | BY30: 0.496 | BZ30: 0.5006 | CA30: 0.5171 | CB30: 0.5116 | CC30: 0.5015 | CD30: 0.4997 | CE30: 0.501 | CF30: 0.4964 | CG30: 0.5014 | CH30: 0.4989 | CI30: 0.4797 | CJ30: 0.4819 | CK30: 0.4854 | CL30: 0.4956 | CM30: 0.4956 | CN30: 0.502 | CO30: 0.4849 | CP30: 0.4906 | CQ30: 0.4954 | CR30: 0.4913 | CS30: 0.4984 | CT30: 0.5448 | CU30: 0.499 | CV30: 0.4778 | CW30: 0.496 | CX30: 0.5037 | CY30: 0.5152 | CZ30: 0.4878 | DA30: 0.4868 | DB30: Uncal | DC30: Uncal | DD30: 0.5032 | DE30: 0.504 | DF30: 0.4992 | DG30: 0.5003 | DH30: 0.5026 | DI30: 0.4891
A31: Digest Method Blank Comparison to Sample Matrix | B31: DO NOT INPUT ANY DATA HERE
A32: Digest Method Blank Comparison to 2.2X RL | B32: DO NOT INPUT ANY DATA HERE
A33: N/A | B33: USED ONLY FOR ADDITIONAL QC
A34: N/A | B34: USED ONLY FOR ADDITIONAL QC
A35: N/A | B35: USED ONLY FOR ADDITIONAL QC
A36: N/A | B36: USED ONLY FOR ADDITIONAL QC
A37: N/A | B37: USED ONLY FOR ADDITIONAL QC
A38: N/A | B38: USED ONLY FOR ADDITIONAL QC
A39: Reportable Limit (3xMDL) | B39: Reportable Limit (No Dilution) | C39: =CODES!C29 | D39: =CODES!D29 | E39: =CODES!E29 | F39: =CODES!F29 | G39: =CODES!G29 | H39: =CODES!H29 | I39: =CODES!I29 | J39: =CODES!J29 | ... DI39: =CODES!DI29
A40: Reportable Limit (3xMDL) | B40: Reportable Limit (No Dilution) | C40: =CODES!C30 | D40: =CODES!D30 | E40: =CODES!E30 | F40: =CODES!F30 | G40: =CODES!G30 | H40: =CODES!H30 | I40: =CODES!I30 | J40: =CODES!J30 | ... DI40: =CODES!DI30
A43: YELLOW IS PREFERRED WAVELENGTH
A44: ICPOES (Reportable Numbers) *DO NOT ADJUST* | C44: =C17 | D44: =D17 | E44: =E17 | F44: =F17 | G44: =G17 | H44: =H17 | I44: =I17 | J44: =J17 | ... DI44: =DI17
A45: Sample Name | B45: Comment | C45: =C18 | D45: =D18 | E45: =E18 | F45: =F18 | G45: =G18 | H45: =H18 | I45: =I18 | J45: =J18 | ... DI45: =DI18
A46: =A19 | B46: =B19 | C46: =IF(ISBLANK(C19),"NO DATA",IF(ISNUMBER(FIND(CODES!$A$12,C19)),CODES!$A$12,IF(OR(ISNUMBER(FIND(CODES!$A$10,C19)),ISNUMBER(FIND(CODES!$A$11,C19))),CODES!$A$13,IF(OR(C19<C$39,ISNUMBER(C19)=FALSE),C$40,C19)))) | D46: =IF(ISBLANK(D19),"NO DATA",IF(ISNUMBER(FIND(CODES!$A$12,D19)),CODES!$A$12,IF(OR(ISNUMBER(FIND(CODES!$A$10,D19)),ISNUMBER(FIND(CODES!$A$11,D19))),CODES!$A$13,IF(OR(D19<D$39,ISNUMBER(D19)=FALSE),D$40,D19)))) | E46: =IF(ISBLANK(E19),"NO DATA",IF(ISNUMBER(FIND(CODES!$A$12,E19)),CODES!$A$12,IF(OR(ISNUMBER(FIND(CODES!$A$10,E19)),ISNUMBER(FIND(CODES!$A$11,E19))),CODES!$A$13,IF(OR(E19<E$39,ISNUMBER(E19)=FALSE),E$40,E19)))) | F46: =IF(ISBLANK(F19),"NO DATA",IF(ISNUMBER(FIND(CODES!$A$12,F19)),CODES!$A$12,IF(OR(ISNUMBER(FIND(CODES!$A$10,F19)),ISNUMBER(FIND(CODES!$A$11,F19))),CODES!$A$13,IF(OR(F19<F$39,ISNUMBER(F19)=FALSE),F$40,F19)))) | G46: =IF(ISBLANK(G19),"NO DATA",IF(ISNUMBER(FIND(CODES!$A$12,G19)),CODES!$A$12,IF(OR(ISNUMBER(FIND(CODES!$A$10,G19)),ISNUMBER(FIND(CODES!$A$11,G19))),CODES!$A$13,IF(OR(G19<G$39,ISNUMBER(G19)=FALSE),G$40,G19)))) | H46: =IF(ISBLANK(H19),"NO DATA",IF(ISNUMBER(FIND(CODES!$A$12,H19)),CODES!$A$12,IF(OR(ISNUMBER(FIND(CODES!$A$10,H19)),ISNUMBER(FIND(CODES!$A$11,H19))),CODES!$A$13,IF(OR(H19<H$39,ISNUMBER(H19)=FALSE),H$40,H19)))) | I46: =IF(ISBLANK(I19),"NO DATA",IF(ISNUMBER(FIND(CODES!$A$12,I19)),CODES!$A$12,IF(OR(ISNUMBER(FIND(CODES!$A$10,I19)),ISNUMBER(FIND(CODES!$A$11,I19))),CODES!$A$13,IF(OR(I19<I$39,ISNUMBER(I19)=FALSE),I$40,I19)))) | J46: =IF(ISBLANK(J19),"NO DATA",IF(ISNUMBER(FIND(CODES!$A$12,J19)),CODES!$A$12,IF(OR(ISNUMBER(FIND(CODES!$A$10,J19)),ISNUMBER(FIND(CODES!$A$11,J19))),CODES!$A$13,IF(OR(J19<J$39,ISNUMBER(J19)=FALSE),J$40,J19)))) | ... DI46: =IF(ISBLANK(DI19),"NO DATA",IF(ISNUMBER(FIND(CODES!$A$12,DI19)),CODES!$A$12,IF(OR(ISNUMBER(FIND(CODES!$A$10,DI19)),ISNUMBER(FIND(CODES!$A$11,DI19))),CODES!$A$13,IF(OR(DI19<DI$39,ISNUMBER(DI19)=FALSE),DI$40,DI19))))
A47: =A20 | B47: =B20 | C47: =IF(ISBLANK(C20),"NO DATA",IF(ISNUMBER(FIND(CODES!$A$12,C20)),CODES!$A$12,IF(OR(ISNUMBER(FIND(CODES!$A$10,C20)),ISNUMBER(FIND(CODES!$A$11,C20))),CODES!$A$13,IF(OR(C20<C$39,ISNUMBER(C20)=FALSE),C$40,C20)))) | D47: =IF(ISBLANK(D20),"NO DATA",IF(ISNUMBER(FIND(CODES!$A$12,D20)),CODES!$A$12,IF(OR(ISNUMBER(FIND(CODES!$A$10,D20)),ISNUMBER(FIND(CODES!$A$11,D20))),CODES!$A$13,IF(OR(D20<D$39,ISNUMBER(D20)=FALSE),D$40,D20)))) | E47: =IF(ISBLANK(E20),"NO DATA",IF(ISNUMBER(FIND(CODES!$A$12,E20)),CODES!$A$12,IF(OR(ISNUMBER(FIND(CODES!$A$10,E20)),ISNUMBER(FIND(CODES!$A$11,E20))),CODES!$A$13,IF(OR(E20<E$39,ISNUMBER(E20)=FALSE),E$40,E20)))) | F47: =IF(ISBLANK(F20),"NO DATA",IF(ISNUMBER(FIND(CODES!$A$12,F20)),CODES!$A$12,IF(OR(ISNUMBER(FIND(CODES!$A$10,F20)),ISNUMBER(FIND(CODES!$A$11,F20))),CODES!$A$13,IF(OR(F20<F$39,ISNUMBER(F20)=FALSE),F$40,F20)))) | G47: =IF(ISBLANK(G20),"NO DATA",IF(ISNUMBER(FIND(CODES!$A$12,G20)),CODES!$A$12,IF(OR(ISNUMBER(FIND(CODES!$A$10,G20)),ISNUMBER(FIND(CODES!$A$11,G20))),CODES!$A$13,IF(OR(G20<G$39,ISNUMBER(G20)=FALSE),G$40,G20)))) | H47: =IF(ISBLANK(H20),"NO DATA",IF(ISNUMBER(FIND(CODES!$A$12,H20)),CODES!$A$12,IF(OR(ISNUMBER(FIND(CODES!$A$10,H20)),ISNUMBER(FIND(CODES!$A$11,H20))),CODES!$A$13,IF(OR(H20<H$39,ISNUMBER(H20)=FALSE),H$40,H20)))) | I47: =IF(ISBLANK(I20),"NO DATA",IF(ISNUMBER(FIND(CODES!$A$12,I20)),CODES!$A$12,IF(OR(ISNUMBER(FIND(CODES!$A$10,I20)),ISNUMBER(FIND(CODES!$A$11,I20))),CODES!$A$13,IF(OR(I20<I$39,ISNUMBER(I20)=FALSE),I$40,I20)))) | J47: =IF(ISBLANK(J20),"NO DATA",IF(ISNUMBER(FIND(CODES!$A$12,J20)),CODES!$A$12,IF(OR(ISNUMBER(FIND(CODES!$A$10,J20)),ISNUMBER(FIND(CODES!$A$11,J20))),CODES!$A$13,IF(OR(J20<J$39,ISNUMBER(J20)=FALSE),J$40,J20)))) | ... DI47: =IF(ISBLANK(DI20),"NO DATA",IF(ISNUMBER(FIND(CODES!$A$12,DI20)),CODES!$A$12,IF(OR(ISNUMBER(FIND(CODES!$A$10,DI20)),ISNUMBER(FIND(CODES!$A$11,DI20))),CODES!$A$13,IF(OR(DI20<DI$39,ISNUMBER(DI20)=FALSE),DI$40,DI20))))
A48: =A21 | B48: =B21 | C48: =IF(ISBLANK(C21),"NO DATA",IF(ISNUMBER(FIND(CODES!$A$12,C21)),CODES!$A$12,IF(OR(ISNUMBER(FIND(CODES!$A$10,C21)),ISNUMBER(FIND(CODES!$A$11,C21))),CODES!$A$13,IF(OR(C21<C$39,ISNUMBER(C21)=FALSE),C$40,C21)))) | D48: =IF(ISBLANK(D21),"NO DATA",IF(ISNUMBER(FIND(CODES!$A$12,D21)),CODES!$A$12,IF(OR(ISNUMBER(FIND(CODES!$A$10,D21)),ISNUMBER(FIND(CODES!$A$11,D21))),CODES!$A$13,IF(OR(D21<D$39,ISNUMBER(D21)=FALSE),D$40,D21)))) | E48: =IF(ISBLANK(E21),"NO DATA",IF(ISNUMBER(FIND(CODES!$A$12,E21)),CODES!$A$12,IF(OR(ISNUMBER(FIND(CODES!$A$10,E21)),ISNUMBER(FIND(CODES!$A$11,E21))),CODES!$A$13,IF(OR(E21<E$39,ISNUMBER(E21)=FALSE),E$40,E21)))) | F48: =IF(ISBLANK(F21),"NO DATA",IF(ISNUMBER(FIND(CODES!$A$12,F21)),CODES!$A$12,IF(OR(ISNUMBER(FIND(CODES!$A$10,F21)),ISNUMBER(FIND(CODES!$A$11,F21))),CODES!$A$13,IF(OR(F21<F$39,ISNUMBER(F21)=FALSE),F$40,F21)))) | G48: =IF(ISBLANK(G21),"NO DATA",IF(ISNUMBER(FIND(CODES!$A$12,G21)),CODES!$A$12,IF(OR(ISNUMBER(FIND(CODES!$A$10,G21)),ISNUMBER(FIND(CODES!$A$11,G21))),CODES!$A$13,IF(OR(G21<G$39,ISNUMBER(G21)=FALSE),G$40,G21)))) | H48: =IF(ISBLANK(H21),"NO DATA",IF(ISNUMBER(FIND(CODES!$A$12,H21)),CODES!$A$12,IF(OR(ISNUMBER(FIND(CODES!$A$10,H21)),ISNUMBER(FIND(CODES!$A$11,H21))),CODES!$A$13,IF(OR(H21<H$39,ISNUMBER(H21)=FALSE),H$40,H21)))) | I48: =IF(ISBLANK(I21),"NO DATA",IF(ISNUMBER(FIND(CODES!$A$12,I21)),CODES!$A$12,IF(OR(ISNUMBER(FIND(CODES!$A$10,I21)),ISNUMBER(FIND(CODES!$A$11,I21))),CODES!$A$13,IF(OR(I21<I$39,ISNUMBER(I21)=FALSE),I$40,I21)))) | J48: =IF(ISBLANK(J21),"NO DATA",IF(ISNUMBER(FIND(CODES!$A$12,J21)),CODES!$A$12,IF(OR(ISNUMBER(FIND(CODES!$A$10,J21)),ISNUMBER(FIND(CODES!$A$11,J21))),CODES!$A$13,IF(OR(J21<J$39,ISNUMBER(J21)=FALSE),J$40,J21)))) | ... DI48: =IF(ISBLANK(DI21),"NO DATA",IF(ISNUMBER(FIND(CODES!$A$12,DI21)),CODES!$A$12,IF(OR(ISNUMBER(FIND(CODES!$A$10,DI21)),ISNUMBER(FIND(CODES!$A$11,DI21))),CODES!$A$13,IF(OR(DI21<DI$39,ISNUMBER(DI21)=FALSE),DI$40,DI21))))
A49: =A22 | B49: =B22 | C49: =IF(ISBLANK(C22),"NO DATA",IF(ISNUMBER(FIND(CODES!$A$12,C22)),CODES!$A$12,IF(OR(ISNUMBER(FIND(CODES!$A$10,C22)),ISNUMBER(FIND(CODES!$A$11,C22))),CODES!$A$13,IF(OR(C22<C$39,ISNUMBER(C22)=FALSE),C$40,C22)))) | D49: =IF(ISBLANK(D22),"NO DATA",IF(ISNUMBER(FIND(CODES!$A$12,D22)),CODES!$A$12,IF(OR(ISNUMBER(FIND(CODES!$A$10,D22)),ISNUMBER(FIND(CODES!$A$11,D22))),CODES!$A$13,IF(OR(D22<D$39,ISNUMBER(D22)=FALSE),D$40,D22)))) | E49: =IF(ISBLANK(E22),"NO DATA",IF(ISNUMBER(FIND(CODES!$A$12,E22)),CODES!$A$12,IF(OR(ISNUMBER(FIND(CODES!$A$10,E22)),ISNUMBER(FIND(CODES!$A$11,E22))),CODES!$A$13,IF(OR(E22<E$39,ISNUMBER(E22)=FALSE),E$40,E22)))) | F49: =IF(ISBLANK(F22),"NO DATA",IF(ISNUMBER(FIND(CODES!$A$12,F22)),CODES!$A$12,IF(OR(ISNUMBER(FIND(CODES!$A$10,F22)),ISNUMBER(FIND(CODES!$A$11,F22))),CODES!$A$13,IF(OR(F22<F$39,ISNUMBER(F22)=FALSE),F$40,F22)))) | G49: =IF(ISBLANK(G22),"NO DATA",IF(ISNUMBER(FIND(CODES!$A$12,G22)),CODES!$A$12,IF(OR(ISNUMBER(FIND(CODES!$A$10,G22)),ISNUMBER(FIND(CODES!$A$11,G22))),CODES!$A$13,IF(OR(G22<G$39,ISNUMBER(G22)=FALSE),G$40,G22)))) | H49: =IF(ISBLANK(H22),"NO DATA",IF(ISNUMBER(FIND(CODES!$A$12,H22)),CODES!$A$12,IF(OR(ISNUMBER(FIND(CODES!$A$10,H22)),ISNUMBER(FIND(CODES!$A$11,H22))),CODES!$A$13,IF(OR(H22<H$39,ISNUMBER(H22)=FALSE),H$40,H22)))) | I49: =IF(ISBLANK(I22),"NO DATA",IF(ISNUMBER(FIND(CODES!$A$12,I22)),CODES!$A$12,IF(OR(ISNUMBER(FIND(CODES!$A$10,I22)),ISNUMBER(FIND(CODES!$A$11,I22))),CODES!$A$13,IF(OR(I22<I$39,ISNUMBER(I22)=FALSE),I$40,I22)))) | J49: =IF(ISBLANK(J22),"NO DATA",IF(ISNUMBER(FIND(CODES!$A$12,J22)),CODES!$A$12,IF(OR(ISNUMBER(FIND(CODES!$A$10,J22)),ISNUMBER(FIND(CODES!$A$11,J22))),CODES!$A$13,IF(OR(J22<J$39,ISNUMBER(J22)=FALSE),J$40,J22)))) | ... DI49: =IF(ISBLANK(DI22),"NO DATA",IF(ISNUMBER(FIND(CODES!$A$12,DI22)),CODES!$A$12,IF(OR(ISNUMBER(FIND(CODES!$A$10,DI22)),ISNUMBER(FIND(CODES!$A$11,DI22))),CODES!$A$13,IF(OR(DI22<DI$39,ISNUMBER(DI22)=FALSE),DI$40,DI22))))
A50: =A23 | B50: =B23 | C50: =IF(ISBLANK(C23),"NO DATA",IF(ISNUMBER(FIND(CODES!$A$12,C23)),CODES!$A$12,IF(OR(ISNUMBER(FIND(CODES!$A$10,C23)),ISNUMBER(FIND(CODES!$A$11,C23))),CODES!$A$13,IF(OR(C23<C$39,ISNUMBER(C23)=FALSE),C$40,C23)))) | D50: =IF(ISBLANK(D23),"NO DATA",IF(ISNUMBER(FIND(CODES!$A$12,D23)),CODES!$A$12,IF(OR(ISNUMBER(FIND(CODES!$A$10,D23)),ISNUMBER(FIND(CODES!$A$11,D23))),CODES!$A$13,IF(OR(D23<D$39,ISNUMBER(D23)=FALSE),D$40,D23)))) | E50: =IF(ISBLANK(E23),"NO DATA",IF(ISNUMBER(FIND(CODES!$A$12,E23)),CODES!$A$12,IF(OR(ISNUMBER(FIND(CODES!$A$10,E23)),ISNUMBER(FIND(CODES!$A$11,E23))),CODES!$A$13,IF(OR(E23<E$39,ISNUMBER(E23)=FALSE),E$40,E23)))) | F50: =IF(ISBLANK(F23),"NO DATA",IF(ISNUMBER(FIND(CODES!$A$12,F23)),CODES!$A$12,IF(OR(ISNUMBER(FIND(CODES!$A$10,F23)),ISNUMBER(FIND(CODES!$A$11,F23))),CODES!$A$13,IF(OR(F23<F$39,ISNUMBER(F23)=FALSE),F$40,F23)))) | G50: =IF(ISBLANK(G23),"NO DATA",IF(ISNUMBER(FIND(CODES!$A$12,G23)),CODES!$A$12,IF(OR(ISNUMBER(FIND(CODES!$A$10,G23)),ISNUMBER(FIND(CODES!$A$11,G23))),CODES!$A$13,IF(OR(G23<G$39,ISNUMBER(G23)=FALSE),G$40,G23)))) | H50: =IF(ISBLANK(H23),"NO DATA",IF(ISNUMBER(FIND(CODES!$A$12,H23)),CODES!$A$12,IF(OR(ISNUMBER(FIND(CODES!$A$10,H23)),ISNUMBER(FIND(CODES!$A$11,H23))),CODES!$A$13,IF(OR(H23<H$39,ISNUMBER(H23)=FALSE),H$40,H23)))) | I50: =IF(ISBLANK(I23),"NO DATA",IF(ISNUMBER(FIND(CODES!$A$12,I23)),CODES!$A$12,IF(OR(ISNUMBER(FIND(CODES!$A$10,I23)),ISNUMBER(FIND(CODES!$A$11,I23))),CODES!$A$13,IF(OR(I23<I$39,ISNUMBER(I23)=FALSE),I$40,I23)))) | J50: =IF(ISBLANK(J23),"NO DATA",IF(ISNUMBER(FIND(CODES!$A$12,J23)),CODES!$A$12,IF(OR(ISNUMBER(FIND(CODES!$A$10,J23)),ISNUMBER(FIND(CODES!$A$11,J23))),CODES!$A$13,IF(OR(J23<J$39,ISNUMBER(J23)=FALSE),J$40,J23)))) | ... DI50: =IF(ISBLANK(DI23),"NO DATA",IF(ISNUMBER(FIND(CODES!$A$12,DI23)),CODES!$A$12,IF(OR(ISNUMBER(FIND(CODES!$A$10,DI23)),ISNUMBER(FIND(CODES!$A$11,DI23))),CODES!$A$13,IF(OR(DI23<DI$39,ISNUMBER(DI23)=FALSE),DI$40,DI23))))
A51: =A24 | B51: =B24 | C51: =IF(ISBLANK(C24),"NO DATA",IF(ISNUMBER(FIND(CODES!$A$12,C24)),CODES!$A$12,IF(OR(ISNUMBER(FIND(CODES!$A$10,C24)),ISNUMBER(FIND(CODES!$A$11,C24))),CODES!$A$13,IF(OR(C24<C$39,ISNUMBER(C24)=FALSE),C$40,C24)))) | D51: =IF(ISBLANK(D24),"NO DATA",IF(ISNUMBER(FIND(CODES!$A$12,D24)),CODES!$A$12,IF(OR(ISNUMBER(FIND(CODES!$A$10,D24)),ISNUMBER(FIND(CODES!$A$11,D24))),CODES!$A$13,IF(OR(D24<D$39,ISNUMBER(D24)=FALSE),D$40,D24)))) | E51: =IF(ISBLANK(E24),"NO DATA",IF(ISNUMBER(FIND(CODES!$A$12,E24)),CODES!$A$12,IF(OR(ISNUMBER(FIND(CODES!$A$10,E24)),ISNUMBER(FIND(CODES!$A$11,E24))),CODES!$A$13,IF(OR(E24<E$39,ISNUMBER(E24)=FALSE),E$40,E24)))) | F51: =IF(ISBLANK(F24),"NO DATA",IF(ISNUMBER(FIND(CODES!$A$12,F24)),CODES!$A$12,IF(OR(ISNUMBER(FIND(CODES!$A$10,F24)),ISNUMBER(FIND(CODES!$A$11,F24))),CODES!$A$13,IF(OR(F24<F$39,ISNUMBER(F24)=FALSE),F$40,F24)))) | G51: =IF(ISBLANK(G24),"NO DATA",IF(ISNUMBER(FIND(CODES!$A$12,G24)),CODES!$A$12,IF(OR(ISNUMBER(FIND(CODES!$A$10,G24)),ISNUMBER(FIND(CODES!$A$11,G24))),CODES!$A$13,IF(OR(G24<G$39,ISNUMBER(G24)=FALSE),G$40,G24)))) | H51: =IF(ISBLANK(H24),"NO DATA",IF(ISNUMBER(FIND(CODES!$A$12,H24)),CODES!$A$12,IF(OR(ISNUMBER(FIND(CODES!$A$10,H24)),ISNUMBER(FIND(CODES!$A$11,H24))),CODES!$A$13,IF(OR(H24<H$39,ISNUMBER(H24)=FALSE),H$40,H24)))) | I51: =IF(ISBLANK(I24),"NO DATA",IF(ISNUMBER(FIND(CODES!$A$12,I24)),CODES!$A$12,IF(OR(ISNUMBER(FIND(CODES!$A$10,I24)),ISNUMBER(FIND(CODES!$A$11,I24))),CODES!$A$13,IF(OR(I24<I$39,ISNUMBER(I24)=FALSE),I$40,I24)))) | J51: =IF(ISBLANK(J24),"NO DATA",IF(ISNUMBER(FIND(CODES!$A$12,J24)),CODES!$A$12,IF(OR(ISNUMBER(FIND(CODES!$A$10,J24)),ISNUMBER(FIND(CODES!$A$11,J24))),CODES!$A$13,IF(OR(J24<J$39,ISNUMBER(J24)=FALSE),J$40,J24)))) | ... DI51: =IF(ISBLANK(DI24),"NO DATA",IF(ISNUMBER(FIND(CODES!$A$12,DI24)),CODES!$A$12,IF(OR(ISNUMBER(FIND(CODES!$A$10,DI24)),ISNUMBER(FIND(CODES!$A$11,DI24))),CODES!$A$13,IF(OR(DI24<DI$39,ISNUMBER(DI24)=FALSE),DI$40,DI24))))
A52: =A25 | B52: =B25 | C52: =IF(ISBLANK(C25),"NO DATA",IF(ISNUMBER(FIND(CODES!$A$12,C25)),CODES!$A$12,IF(OR(ISNUMBER(FIND(CODES!$A$10,C25)),ISNUMBER(FIND(CODES!$A$11,C25))),CODES!$A$13,IF(OR(C25<C$39,ISNUMBER(C25)=FALSE),C$40,C25)))) | D52: =IF(ISBLANK(D25),"NO DATA",IF(ISNUMBER(FIND(CODES!$A$12,D25)),CODES!$A$12,IF(OR(ISNUMBER(FIND(CODES!$A$10,D25)),ISNUMBER(FIND(CODES!$A$11,D25))),CODES!$A$13,IF(OR(D25<D$39,ISNUMBER(D25)=FALSE),D$40,D25)))) | E52: =IF(ISBLANK(E25),"NO DATA",IF(ISNUMBER(FIND(CODES!$A$12,E25)),CODES!$A$12,IF(OR(ISNUMBER(FIND(CODES!$A$10,E25)),ISNUMBER(FIND(CODES!$A$11,E25))),CODES!$A$13,IF(OR(E25<E$39,ISNUMBER(E25)=FALSE),E$40,E25)))) | F52: =IF(ISBLANK(F25),"NO DATA",IF(ISNUMBER(FIND(CODES!$A$12,F25)),CODES!$A$12,IF(OR(ISNUMBER(FIND(CODES!$A$10,F25)),ISNUMBER(FIND(CODES!$A$11,F25))),CODES!$A$13,IF(OR(F25<F$39,ISNUMBER(F25)=FALSE),F$40,F25)))) | G52: =IF(ISBLANK(G25),"NO DATA",IF(ISNUMBER(FIND(CODES!$A$12,G25)),CODES!$A$12,IF(OR(ISNUMBER(FIND(CODES!$A$10,G25)),ISNUMBER(FIND(CODES!$A$11,G25))),CODES!$A$13,IF(OR(G25<G$39,ISNUMBER(G25)=FALSE),G$40,G25)))) | H52: =IF(ISBLANK(H25),"NO DATA",IF(ISNUMBER(FIND(CODES!$A$12,H25)),CODES!$A$12,IF(OR(ISNUMBER(FIND(CODES!$A$10,H25)),ISNUMBER(FIND(CODES!$A$11,H25))),CODES!$A$13,IF(OR(H25<H$39,ISNUMBER(H25)=FALSE),H$40,H25)))) | I52: =IF(ISBLANK(I25),"NO DATA",IF(ISNUMBER(FIND(CODES!$A$12,I25)),CODES!$A$12,IF(OR(ISNUMBER(FIND(CODES!$A$10,I25)),ISNUMBER(FIND(CODES!$A$11,I25))),CODES!$A$13,IF(OR(I25<I$39,ISNUMBER(I25)=FALSE),I$40,I25)))) | J52: =IF(ISBLANK(J25),"NO DATA",IF(ISNUMBER(FIND(CODES!$A$12,J25)),CODES!$A$12,IF(OR(ISNUMBER(FIND(CODES!$A$10,J25)),ISNUMBER(FIND(CODES!$A$11,J25))),CODES!$A$13,IF(OR(J25<J$39,ISNUMBER(J25)=FALSE),J$40,J25)))) | ... DI52: =IF(ISBLANK(DI25),"NO DATA",IF(ISNUMBER(FIND(CODES!$A$12,DI25)),CODES!$A$12,IF(OR(ISNUMBER(FIND(CODES!$A$10,DI25)),ISNUMBER(FIND(CODES!$A$11,DI25))),CODES!$A$13,IF(OR(DI25<DI$39,ISNUMBER(DI25)=FALSE),DI$40,DI25))))
A53: =A26 | B53: =B26 | C53: =IF(ISBLANK(C26),"NO DATA",IF(ISNUMBER(FIND(CODES!$A$12,C26)),CODES!$A$12,IF(OR(ISNUMBER(FIND(CODES!$A$10,C26)),ISNUMBER(FIND(CODES!$A$11,C26))),CODES!$A$13,IF(OR(C26<C$39,ISNUMBER(C26)=FALSE),C$40,C26)))) | D53: =IF(ISBLANK(D26),"NO DATA",IF(ISNUMBER(FIND(CODES!$A$12,D26)),CODES!$A$12,IF(OR(ISNUMBER(FIND(CODES!$A$10,D26)),ISNUMBER(FIND(CODES!$A$11,D26))),CODES!$A$13,IF(OR(D26<D$39,ISNUMBER(D26)=FALSE),D$40,D26)))) | E53: =IF(ISBLANK(E26),"NO DATA",IF(ISNUMBER(FIND(CODES!$A$12,E26)),CODES!$A$12,IF(OR(ISNUMBER(FIND(CODES!$A$10,E26)),ISNUMBER(FIND(CODES!$A$11,E26))),CODES!$A$13,IF(OR(E26<E$39,ISNUMBER(E26)=FALSE),E$40,E26)))) | F53: =IF(ISBLANK(F26),"NO DATA",IF(ISNUMBER(FIND(CODES!$A$12,F26)),CODES!$A$12,IF(OR(ISNUMBER(FIND(CODES!$A$10,F26)),ISNUMBER(FIND(CODES!$A$11,F26))),CODES!$A$13,IF(OR(F26<F$39,ISNUMBER(F26)=FALSE),F$40,F26)))) | G53: =IF(ISBLANK(G26),"NO DATA",IF(ISNUMBER(FIND(CODES!$A$12,G26)),CODES!$A$12,IF(OR(ISNUMBER(FIND(CODES!$A$10,G26)),ISNUMBER(FIND(CODES!$A$11,G26))),CODES!$A$13,IF(OR(G26<G$39,ISNUMBER(G26)=FALSE),G$40,G26)))) | H53: =IF(ISBLANK(H26),"NO DATA",IF(ISNUMBER(FIND(CODES!$A$12,H26)),CODES!$A$12,IF(OR(ISNUMBER(FIND(CODES!$A$10,H26)),ISNUMBER(FIND(CODES!$A$11,H26))),CODES!$A$13,IF(OR(H26<H$39,ISNUMBER(H26)=FALSE),H$40,H26)))) | I53: =IF(ISBLANK(I26),"NO DATA",IF(ISNUMBER(FIND(CODES!$A$12,I26)),CODES!$A$12,IF(OR(ISNUMBER(FIND(CODES!$A$10,I26)),ISNUMBER(FIND(CODES!$A$11,I26))),CODES!$A$13,IF(OR(I26<I$39,ISNUMBER(I26)=FALSE),I$40,I26)))) | J53: =IF(ISBLANK(J26),"NO DATA",IF(ISNUMBER(FIND(CODES!$A$12,J26)),CODES!$A$12,IF(OR(ISNUMBER(FIND(CODES!$A$10,J26)),ISNUMBER(FIND(CODES!$A$11,J26))),CODES!$A$13,IF(OR(J26<J$39,ISNUMBER(J26)=FALSE),J$40,J26)))) | ... DI53: =IF(ISBLANK(DI26),"NO DATA",IF(ISNUMBER(FIND(CODES!$A$12,DI26)),CODES!$A$12,IF(OR(ISNUMBER(FIND(CODES!$A$10,DI26)),ISNUMBER(FIND(CODES!$A$11,DI26))),CODES!$A$13,IF(OR(DI26<DI$39,ISNUMBER(DI26)=FALSE),DI$40,DI26))))
A54: =A27 | B54: =B27 | C54: =IF(ISBLANK(C27),"NO DATA",IF(ISNUMBER(FIND(CODES!$A$12,C27)),CODES!$A$12,IF(OR(ISNUMBER(FIND(CODES!$A$10,C27)),ISNUMBER(FIND(CODES!$A$11,C27))),CODES!$A$13,IF(OR(C27<C$39,ISNUMBER(C27)=FALSE),C$40,C27)))) | D54: =IF(ISBLANK(D27),"NO DATA",IF(ISNUMBER(FIND(CODES!$A$12,D27)),CODES!$A$12,IF(OR(ISNUMBER(FIND(CODES!$A$10,D27)),ISNUMBER(FIND(CODES!$A$11,D27))),CODES!$A$13,IF(OR(D27<D$39,ISNUMBER(D27)=FALSE),D$40,D27)))) | E54: =IF(ISBLANK(E27),"NO DATA",IF(ISNUMBER(FIND(CODES!$A$12,E27)),CODES!$A$12,IF(OR(ISNUMBER(FIND(CODES!$A$10,E27)),ISNUMBER(FIND(CODES!$A$11,E27))),CODES!$A$13,IF(OR(E27<E$39,ISNUMBER(E27)=FALSE),E$40,E27)))) | F54: =IF(ISBLANK(F27),"NO DATA",IF(ISNUMBER(FIND(CODES!$A$12,F27)),CODES!$A$12,IF(OR(ISNUMBER(FIND(CODES!$A$10,F27)),ISNUMBER(FIND(CODES!$A$11,F27))),CODES!$A$13,IF(OR(F27<F$39,ISNUMBER(F27)=FALSE),F$40,F27)))) | G54: =IF(ISBLANK(G27),"NO DATA",IF(ISNUMBER(FIND(CODES!$A$12,G27)),CODES!$A$12,IF(OR(ISNUMBER(FIND(CODES!$A$10,G27)),ISNUMBER(FIND(CODES!$A$11,G27))),CODES!$A$13,IF(OR(G27<G$39,ISNUMBER(G27)=FALSE),G$40,G27)))) | H54: =IF(ISBLANK(H27),"NO DATA",IF(ISNUMBER(FIND(CODES!$A$12,H27)),CODES!$A$12,IF(OR(ISNUMBER(FIND(CODES!$A$10,H27)),ISNUMBER(FIND(CODES!$A$11,H27))),CODES!$A$13,IF(OR(H27<H$39,ISNUMBER(H27)=FALSE),H$40,H27)))) | I54: =IF(ISBLANK(I27),"NO DATA",IF(ISNUMBER(FIND(CODES!$A$12,I27)),CODES!$A$12,IF(OR(ISNUMBER(FIND(CODES!$A$10,I27)),ISNUMBER(FIND(CODES!$A$11,I27))),CODES!$A$13,IF(OR(I27<I$39,ISNUMBER(I27)=FALSE),I$40,I27)))) | J54: =IF(ISBLANK(J27),"NO DATA",IF(ISNUMBER(FIND(CODES!$A$12,J27)),CODES!$A$12,IF(OR(ISNUMBER(FIND(CODES!$A$10,J27)),ISNUMBER(FIND(CODES!$A$11,J27))),CODES!$A$13,IF(OR(J27<J$39,ISNUMBER(J27)=FALSE),J$40,J27)))) | ... DI54: =IF(ISBLANK(DI27),"NO DATA",IF(ISNUMBER(FIND(CODES!$A$12,DI27)),CODES!$A$12,IF(OR(ISNUMBER(FIND(CODES!$A$10,DI27)),ISNUMBER(FIND(CODES!$A$11,DI27))),CODES!$A$13,IF(OR(DI27<DI$39,ISNUMBER(DI27)=FALSE),DI$40,DI27))))
A55: =A28 | B55: =B28 | C55: =IF(ISBLANK(C28),"NO DATA",IF(ISNUMBER(FIND(CODES!$A$12,C28)),CODES!$A$12,IF(OR(ISNUMBER(FIND(CODES!$A$10,C28)),ISNUMBER(FIND(CODES!$A$11,C28))),CODES!$A$13,IF(OR(C28<C$39,ISNUMBER(C28)=FALSE),C$40,C28)))) | D55: =IF(ISBLANK(D28),"NO DATA",IF(ISNUMBER(FIND(CODES!$A$12,D28)),CODES!$A$12,IF(OR(ISNUMBER(FIND(CODES!$A$10,D28)),ISNUMBER(FIND(CODES!$A$11,D28))),CODES!$A$13,IF(OR(D28<D$39,ISNUMBER(D28)=FALSE),D$40,D28)))) | E55: =IF(ISBLANK(E28),"NO DATA",IF(ISNUMBER(FIND(CODES!$A$12,E28)),CODES!$A$12,IF(OR(ISNUMBER(FIND(CODES!$A$10,E28)),ISNUMBER(FIND(CODES!$A$11,E28))),CODES!$A$13,IF(OR(E28<E$39,ISNUMBER(E28)=FALSE),E$40,E28)))) | F55: =IF(ISBLANK(F28),"NO DATA",IF(ISNUMBER(FIND(CODES!$A$12,F28)),CODES!$A$12,IF(OR(ISNUMBER(FIND(CODES!$A$10,F28)),ISNUMBER(FIND(CODES!$A$11,F28))),CODES!$A$13,IF(OR(F28<F$39,ISNUMBER(F28)=FALSE),F$40,F28)))) | G55: =IF(ISBLANK(G28),"NO DATA",IF(ISNUMBER(FIND(CODES!$A$12,G28)),CODES!$A$12,IF(OR(ISNUMBER(FIND(CODES!$A$10,G28)),ISNUMBER(FIND(CODES!$A$11,G28))),CODES!$A$13,IF(OR(G28<G$39,ISNUMBER(G28)=FALSE),G$40,G28)))) | H55: =IF(ISBLANK(H28),"NO DATA",IF(ISNUMBER(FIND(CODES!$A$12,H28)),CODES!$A$12,IF(OR(ISNUMBER(FIND(CODES!$A$10,H28)),ISNUMBER(FIND(CODES!$A$11,H28))),CODES!$A$13,IF(OR(H28<H$39,ISNUMBER(H28)=FALSE),H$40,H28)))) | I55: =IF(ISBLANK(I28),"NO DATA",IF(ISNUMBER(FIND(CODES!$A$12,I28)),CODES!$A$12,IF(OR(ISNUMBER(FIND(CODES!$A$10,I28)),ISNUMBER(FIND(CODES!$A$11,I28))),CODES!$A$13,IF(OR(I28<I$39,ISNUMBER(I28)=FALSE),I$40,I28)))) | J55: =IF(ISBLANK(J28),"NO DATA",IF(ISNUMBER(FIND(CODES!$A$12,J28)),CODES!$A$12,IF(OR(ISNUMBER(FIND(CODES!$A$10,J28)),ISNUMBER(FIND(CODES!$A$11,J28))),CODES!$A$13,IF(OR(J28<J$39,ISNUMBER(J28)=FALSE),J$40,J28)))) | ... DI55: =IF(ISBLANK(DI28),"NO DATA",IF(ISNUMBER(FIND(CODES!$A$12,DI28)),CODES!$A$12,IF(OR(ISNUMBER(FIND(CODES!$A$10,DI28)),ISNUMBER(FIND(CODES!$A$11,DI28))),CODES!$A$13,IF(OR(DI28<DI$39,ISNUMBER(DI28)=FALSE),DI$40,DI28))))
A56: =A29 | B56: =B29 | C56: =IF(ISBLANK(C29),"NO DATA",IF(ISNUMBER(FIND(CODES!$A$12,C29)),CODES!$A$12,IF(OR(ISNUMBER(FIND(CODES!$A$10,C29)),ISNUMBER(FIND(CODES!$A$11,C29))),CODES!$A$13,IF(OR(C29<C$39,ISNUMBER(C29)=FALSE),C$40,C29)))) | D56: =IF(ISBLANK(D29),"NO DATA",IF(ISNUMBER(FIND(CODES!$A$12,D29)),CODES!$A$12,IF(OR(ISNUMBER(FIND(CODES!$A$10,D29)),ISNUMBER(FIND(CODES!$A$11,D29))),CODES!$A$13,IF(OR(D29<D$39,ISNUMBER(D29)=FALSE),D$40,D29)))) | E56: =IF(ISBLANK(E29),"NO DATA",IF(ISNUMBER(FIND(CODES!$A$12,E29)),CODES!$A$12,IF(OR(ISNUMBER(FIND(CODES!$A$10,E29)),ISNUMBER(FIND(CODES!$A$11,E29))),CODES!$A$13,IF(OR(E29<E$39,ISNUMBER(E29)=FALSE),E$40,E29)))) | F56: =IF(ISBLANK(F29),"NO DATA",IF(ISNUMBER(FIND(CODES!$A$12,F29)),CODES!$A$12,IF(OR(ISNUMBER(FIND(CODES!$A$10,F29)),ISNUMBER(FIND(CODES!$A$11,F29))),CODES!$A$13,IF(OR(F29<F$39,ISNUMBER(F29)=FALSE),F$40,F29)))) | G56: =IF(ISBLANK(G29),"NO DATA",IF(ISNUMBER(FIND(CODES!$A$12,G29)),CODES!$A$12,IF(OR(ISNUMBER(FIND(CODES!$A$10,G29)),ISNUMBER(FIND(CODES!$A$11,G29))),CODES!$A$13,IF(OR(G29<G$39,ISNUMBER(G29)=FALSE),G$40,G29)))) | H56: =IF(ISBLANK(H29),"NO DATA",IF(ISNUMBER(FIND(CODES!$A$12,H29)),CODES!$A$12,IF(OR(ISNUMBER(FIND(CODES!$A$10,H29)),ISNUMBER(FIND(CODES!$A$11,H29))),CODES!$A$13,IF(OR(H29<H$39,ISNUMBER(H29)=FALSE),H$40,H29)))) | I56: =IF(ISBLANK(I29),"NO DATA",IF(ISNUMBER(FIND(CODES!$A$12,I29)),CODES!$A$12,IF(OR(ISNUMBER(FIND(CODES!$A$10,I29)),ISNUMBER(FIND(CODES!$A$11,I29))),CODES!$A$13,IF(OR(I29<I$39,ISNUMBER(I29)=FALSE),I$40,I29)))) | J56: =IF(ISBLANK(J29),"NO DATA",IF(ISNUMBER(FIND(CODES!$A$12,J29)),CODES!$A$12,IF(OR(ISNUMBER(FIND(CODES!$A$10,J29)),ISNUMBER(FIND(CODES!$A$11,J29))),CODES!$A$13,IF(OR(J29<J$39,ISNUMBER(J29)=FALSE),J$40,J29)))) | ... DI56: =IF(ISBLANK(DI29),"NO DATA",IF(ISNUMBER(FIND(CODES!$A$12,DI29)),CODES!$A$12,IF(OR(ISNUMBER(FIND(CODES!$A$10,DI29)),ISNUMBER(FIND(CODES!$A$11,DI29))),CODES!$A$13,IF(OR(DI29<DI$39,ISNUMBER(DI29)=FALSE),DI$40,DI29))))
A57: =A30 | B57: =B30 | C57: =IF(ISBLANK(C30),"NO DATA",IF(ISNUMBER(FIND(CODES!$A$12,C30)),CODES!$A$12,IF(OR(ISNUMBER(FIND(CODES!$A$10,C30)),ISNUMBER(FIND(CODES!$A$11,C30))),CODES!$A$13,IF(OR(C30<C$39,ISNUMBER(C30)=FALSE),C$40,C30)))) | D57: =IF(ISBLANK(D30),"NO DATA",IF(ISNUMBER(FIND(CODES!$A$12,D30)),CODES!$A$12,IF(OR(ISNUMBER(FIND(CODES!$A$10,D30)),ISNUMBER(FIND(CODES!$A$11,D30))),CODES!$A$13,IF(OR(D30<D$39,ISNUMBER(D30)=FALSE),D$40,D30)))) | E57: =IF(ISBLANK(E30),"NO DATA",IF(ISNUMBER(FIND(CODES!$A$12,E30)),CODES!$A$12,IF(OR(ISNUMBER(FIND(CODES!$A$10,E30)),ISNUMBER(FIND(CODES!$A$11,E30))),CODES!$A$13,IF(OR(E30<E$39,ISNUMBER(E30)=FALSE),E$40,E30)))) | F57: =IF(ISBLANK(F30),"NO DATA",IF(ISNUMBER(FIND(CODES!$A$12,F30)),CODES!$A$12,IF(OR(ISNUMBER(FIND(CODES!$A$10,F30)),ISNUMBER(FIND(CODES!$A$11,F30))),CODES!$A$13,IF(OR(F30<F$39,ISNUMBER(F30)=FALSE),F$40,F30)))) | G57: =IF(ISBLANK(G30),"NO DATA",IF(ISNUMBER(FIND(CODES!$A$12,G30)),CODES!$A$12,IF(OR(ISNUMBER(FIND(CODES!$A$10,G30)),ISNUMBER(FIND(CODES!$A$11,G30))),CODES!$A$13,IF(OR(G30<G$39,ISNUMBER(G30)=FALSE),G$40,G30)))) | H57: =IF(ISBLANK(H30),"NO DATA",IF(ISNUMBER(FIND(CODES!$A$12,H30)),CODES!$A$12,IF(OR(ISNUMBER(FIND(CODES!$A$10,H30)),ISNUMBER(FIND(CODES!$A$11,H30))),CODES!$A$13,IF(OR(H30<H$39,ISNUMBER(H30)=FALSE),H$40,H30)))) | I57: =IF(ISBLANK(I30),"NO DATA",IF(ISNUMBER(FIND(CODES!$A$12,I30)),CODES!$A$12,IF(OR(ISNUMBER(FIND(CODES!$A$10,I30)),ISNUMBER(FIND(CODES!$A$11,I30))),CODES!$A$13,IF(OR(I30<I$39,ISNUMBER(I30)=FALSE),I$40,I30)))) | J57: =IF(ISBLANK(J30),"NO DATA",IF(ISNUMBER(FIND(CODES!$A$12,J30)),CODES!$A$12,IF(OR(ISNUMBER(FIND(CODES!$A$10,J30)),ISNUMBER(FIND(CODES!$A$11,J30))),CODES!$A$13,IF(OR(J30<J$39,ISNUMBER(J30)=FALSE),J$40,J30)))) | ... DI57: =IF(ISBLANK(DI30),"NO DATA",IF(ISNUMBER(FIND(CODES!$A$12,DI30)),CODES!$A$12,IF(OR(ISNUMBER(FIND(CODES!$A$10,DI30)),ISNUMBER(FIND(CODES!$A$11,DI30))),CODES!$A$13,IF(OR(DI30<DI$39,ISNUMBER(DI30)=FALSE),DI$40,DI30))))
... A65: =A38 | B65: =B38 | C65: =IF(ISBLANK(C38),"NO DATA",IF(ISNUMBER(FIND(CODES!$A$12,C38)),CODES!$A$12,IF(OR(ISNUMBER(FIND(CODES!$A$10,C38)),ISNUMBER(FIND(CODES!$A$11,C38))),CODES!$A$13,IF(OR(C38<C$39,ISNUMBER(C38)=FALSE),C$40,C38)))) | D65: =IF(ISBLANK(D38),"NO DATA",IF(ISNUMBER(FIND(CODES!$A$12,D38)),CODES!$A$12,IF(OR(ISNUMBER(FIND(CODES!$A$10,D38)),ISNUMBER(FIND(CODES!$A$11,D38))),CODES!$A$13,IF(OR(D38<D$39,ISNUMBER(D38)=FALSE),D$40,D38)))) | E65: =IF(ISBLANK(E38),"NO DATA",IF(ISNUMBER(FIND(CODES!$A$12,E38)),CODES!$A$12,IF(OR(ISNUMBER(FIND(CODES!$A$10,E38)),ISNUMBER(FIND(CODES!$A$11,E38))),CODES!$A$13,IF(OR(E38<E$39,ISNUMBER(E38)=FALSE),E$40,E38)))) | F65: =IF(ISBLANK(F38),"NO DATA",IF(ISNUMBER(FIND(CODES!$A$12,F38)),CODES!$A$12,IF(OR(ISNUMBER(FIND(CODES!$A$10,F38)),ISNUMBER(FIND(CODES!$A$11,F38))),CODES!$A$13,IF(OR(F38<F$39,ISNUMBER(F38)=FALSE),F$40,F38)))) | G65: =IF(ISBLANK(G38),"NO DATA",IF(ISNUMBER(FIND(CODES!$A$12,G38)),CODES!$A$12,IF(OR(ISNUMBER(FIND(CODES!$A$10,G38)),ISNUMBER(FIND(CODES!$A$11,G38))),CODES!$A$13,IF(OR(G38<G$39,ISNUMBER(G38)=FALSE),G$40,G38)))) | H65: =IF(ISBLANK(H38),"NO DATA",IF(ISNUMBER(FIND(CODES!$A$12,H38)),CODES!$A$12,IF(OR(ISNUMBER(FIND(CODES!$A$10,H38)),ISNUMBER(FIND(CODES!$A$11,H38))),CODES!$A$13,IF(OR(H38<H$39,ISNUMBER(H38)=FALSE),H$40,H38)))) | I65: =IF(ISBLANK(I38),"NO DATA",IF(ISNUMBER(FIND(CODES!$A$12,I38)),CODES!$A$12,IF(OR(ISNUMBER(FIND(CODES!$A$10,I38)),ISNUMBER(FIND(CODES!$A$11,I38))),CODES!$A$13,IF(OR(I38<I$39,ISNUMBER(I38)=FALSE),I$40,I38)))) | J65: =IF(ISBLANK(J38),"NO DATA",IF(ISNUMBER(FIND(CODES!$A$12,J38)),CODES!$A$12,IF(OR(ISNUMBER(FIND(CODES!$A$10,J38)),ISNUMBER(FIND(CODES!$A$11,J38))),CODES!$A$13,IF(OR(J38<J$39,ISNUMBER(J38)=FALSE),J$40,J38)))) | ... DI65: =IF(ISBLANK(DI38),"NO DATA",IF(ISNUMBER(FIND(CODES!$A$12,DI38)),CODES!$A$12,IF(OR(ISNUMBER(FIND(CODES!$A$10,DI38)),ISNUMBER(FIND(CODES!$A$11,DI38))),CODES!$A$13,IF(OR(DI38<DI$39,ISNUMBER(DI38)=FALSE),DI$40,DI38))))
A68: PERFORMANCE CHECK CALCULATIONS
A69: ADJUSTMENT FOR <RL *DO NOT ADJUST* | C69: =C17 | D69: =D17 | E69: =E17 | F69: =F17 | G69: =G17 | H69: =H17 | I69: =I17 | J69: =J17 | ... DI69: =DI17
A70: Sample Name | B70: Comment | C70: =C18 | D70: =D18 | E70: =E18 | F70: =F18 | G70: =G18 | H70: =H18 | I70: =I18 | J70: =J18 | ... DI70: =DI18
A71: =A19 | B71: =B19 | C71: =IF(C46=C$40,0,C46) | D71: =IF(D46=D$40,0,D46) | E71: =IF(E46=E$40,0,E46) | F71: =IF(F46=F$40,0,F46) | G71: =IF(G46=G$40,0,G46) | H71: =IF(H46=H$40,0,H46) | I71: =IF(I46=I$40,0,I46) | J71: =IF(J46=J$40,0,J46) | ... DI71: =IF(DI46=DI$40,0,DI46)
A72: =A20 | B72: =B20 | C72: =IF(C47=C$40,0,C47) | D72: =IF(D47=D$40,0,D47) | E72: =IF(E47=E$40,0,E47) | F72: =IF(F47=F$40,0,F47) | G72: =IF(G47=G$40,0,G47) | H72: =IF(H47=H$40,0,H47) | I72: =IF(I47=I$40,0,I47) | J72: =IF(J47=J$40,0,J47) | ... DI72: =IF(DI47=DI$40,0,DI47)
A73: =A21 | B73: =B21 | C73: =IF(C48=C$40,0,C48) | D73: =IF(D48=D$40,0,D48) | E73: =IF(E48=E$40,0,E48) | F73: =IF(F48=F$40,0,F48) | G73: =IF(G48=G$40,0,G48) | H73: =IF(H48=H$40,0,H48) | I73: =IF(I48=I$40,0,I48) | J73: =IF(J48=J$40,0,J48) | ... DI73: =IF(DI48=DI$40,0,DI48)
A74: =A22 | B74: =B22 | C74: =IF(C49=C$40,0,C49) | D74: =IF(D49=D$40,0,D49) | E74: =IF(E49=E$40,0,E49) | F74: =IF(F49=F$40,0,F49) | G74: =IF(G49=G$40,0,G49) | H74: =IF(H49=H$40,0,H49) | I74: =IF(I49=I$40,0,I49) | J74: =IF(J49=J$40,0,J49) | ... DI74: =IF(DI49=DI$40,0,DI49)
A75: =A23 | B75: =B23 | C75: =IF(C50=C$40,0,C50) | D75: =IF(D50=D$40,0,D50) | E75: =IF(E50=E$40,0,E50) | F75: =IF(F50=F$40,0,F50) | G75: =IF(G50=G$40,0,G50) | H75: =IF(H50=H$40,0,H50) | I75: =IF(I50=I$40,0,I50) | J75: =IF(J50=J$40,0,J50) | ... DI75: =IF(DI50=DI$40,0,DI50)
A76: =A24 | B76: =B24 | C76: =IF(C51=C$40,0,C51) | D76: =IF(D51=D$40,0,D51) | E76: =IF(E51=E$40,0,E51) | F76: =IF(F51=F$40,0,F51) | G76: =IF(G51=G$40,0,G51) | H76: =IF(H51=H$40,0,H51) | I76: =IF(I51=I$40,0,I51) | J76: =IF(J51=J$40,0,J51) | ... DI76: =IF(DI51=DI$40,0,DI51)
A77: =A25 | B77: =B25 | C77: =IF(C52=C$40,0,C52) | D77: =IF(D52=D$40,0,D52) | E77: =IF(E52=E$40,0,E52) | F77: =IF(F52=F$40,0,F52) | G77: =IF(G52=G$40,0,G52) | H77: =IF(H52=H$40,0,H52) | I77: =IF(I52=I$40,0,I52) | J77: =IF(J52=J$40,0,J52) | ... DI77: =IF(DI52=DI$40,0,DI52)
A78: =A26 | B78: =B26 | C78: =IF(C53=C$40,0,C53) | D78: =IF(D53=D$40,0,D53) | E78: =IF(E53=E$40,0,E53) | F78: =IF(F53=F$40,0,F53) | G78: =IF(G53=G$40,0,G53) | H78: =IF(H53=H$40,0,H53) | I78: =IF(I53=I$40,0,I53) | J78: =IF(J53=J$40,0,J53) | ... DI78: =IF(DI53=DI$40,0,DI53)
A79: =A27 | B79: =B27 | C79: =IF(C54=C$40,0,C54) | D79: =IF(D54=D$40,0,D54) | E79: =IF(E54=E$40,0,E54) | F79: =IF(F54=F$40,0,F54) | G79: =IF(G54=G$40,0,G54) | H79: =IF(H54=H$40,0,H54) | I79: =IF(I54=I$40,0,I54) | J79: =IF(J54=J$40,0,J54) | ... DI79: =IF(DI54=DI$40,0,DI54)
A80: =A28 | B80: =B28 | C80: =IF(C55=C$40,0,C55) | D80: =IF(D55=D$40,0,D55) | E80: =IF(E55=E$40,0,E55) | F80: =IF(F55=F$40,0,F55) | G80: =IF(G55=G$40,0,G55) | H80: =IF(H55=H$40,0,H55) | I80: =IF(I55=I$40,0,I55) | J80: =IF(J55=J$40,0,J55) | ... DI80: =IF(DI55=DI$40,0,DI55)
A81: =A29 | B81: =B29 | C81: =IF(C56=C$40,0,C56) | D81: =IF(D56=D$40,0,D56) | E81: =IF(E56=E$40,0,E56) | F81: =IF(F56=F$40,0,F56) | G81: =IF(G56=G$40,0,G56) | H81: =IF(H56=H$40,0,H56) | I81: =IF(I56=I$40,0,I56) | J81: =IF(J56=J$40,0,J56) | ... DI81: =IF(DI56=DI$40,0,DI56)
A82: =A30 | B82: =B30 | C82: =IF(C57=C$40,0,C57) | D82: =IF(D57=D$40,0,D57) | E82: =IF(E57=E$40,0,E57) | F82: =IF(F57=F$40,0,F57) | G82: =IF(G57=G$40,0,G57) | H82: =IF(H57=H$40,0,H57) | I82: =IF(I57=I$40,0,I57) | J82: =IF(J57=J$40,0,J57) | ... DI82: =IF(DI57=DI$40,0,DI57)
A83: =A31 | B83: =B31
A84: =A32 | B84: =B32
A85: =A33 | B85: =B33
A86: =A34 | B86: =B34
A87: =A35 | B87: =B35
A88: =A36 | B88: =B36
A89: =A37 | B89: =B37
A90: =A38 | B90: =B38
A93: PERFORMANCE CHECK CALCULATIONS
A94: PERCENT RECOVERIES, RPD, or PASS / FAIL *DO NOT ADJUST* | C94: =C17 | D94: =D17 | E94: =E17 | F94: =F17 | G94: =G17 | H94: =H17 | I94: =I17 | J94: =J17 | ... DI94: =DI17
A95: Sample Name | B95: Comment | C95: =C18 | D95: =D18 | E95: =E18 | F95: =F18 | G95: =G18 | H95: =H18 | I95: =I18 | J95: =J18 | ... DI95: =DI18
A96: =A19 | B96: =B19 | C96: =IF(C46=C40,"PASS","FAIL") | D96: =IF(D46=D40,"PASS","FAIL") | E96: =IF(E46=E40,"PASS","FAIL") | F96: =IF(F46=F40,"PASS","FAIL") | G96: =IF(G46=G40,"PASS","FAIL") | H96: =IF(H46=H40,"PASS","FAIL") | I96: =IF(I46=I40,"PASS","FAIL") | J96: =IF(J46=J40,"PASS","FAIL") | ... DI96: =IF(DI46=DI40,"PASS","FAIL")
A97: =A20 | B97: =B20 | C97: =((C72)/CODES!$B$49)*100 | D97: =((D72)/CODES!$B$49)*100 | E97: =((E72)/CODES!$B$49)*100 | F97: =((F72)/CODES!$B$49)*100 | G97: =((G72)/CODES!$B$49)*100 | H97: =((H72)/CODES!$B$49)*100 | I97: =((I72)/CODES!$B$49)*100 | J97: =((J72)/CODES!$B$49)*100 | ... DI97: =((DI72)/CODES!$B$49)*100
A98: =A21 | B98: =B21 | C98: =((C73)/CODES!$B$49)*100 | D98: =((D73)/CODES!$B$49)*100 | E98: =((E73)/CODES!$B$49)*100 | F98: =((F73)/CODES!$B$49)*100 | G98: =((G73)/CODES!$B$49)*100 | H98: =((H73)/CODES!$B$49)*100 | I98: =((I73)/CODES!$B$49)*100 | J98: =((J73)/CODES!$B$49)*100 | ... DI98: =((DI73)/CODES!$B$49)*100
A99: =A22 | B99: =B22 | C99: =IF(C49=C40,"PASS","FAIL") | D99: =IF(D49=D40,"PASS","FAIL") | E99: =IF(E49=E40,"PASS","FAIL") | F99: =IF(F49=F40,"PASS","FAIL") | G99: =IF(G49=G40,"PASS","FAIL") | H99: =IF(H49=H40,"PASS","FAIL") | I99: =IF(I49=I40,"PASS","FAIL") | J99: =IF(J49=J40,"PASS","FAIL") | ... DI99: =IF(DI49=DI40,"PASS","FAIL")
A100: =A23 | B100: =B23 | C100: =((C75-C74)/CODES!$B$48)*100 | D100: =((D75-D74)/CODES!$B$48)*100 | E100: =((E75-E74)/CODES!$B$48)*100 | F100: =((F75-F74)/CODES!$B$48)*100 | G100: =((G75-G74)/CODES!$B$48)*100 | H100: =((H75-H74)/CODES!$B$48)*100 | I100: =((I75-I74)/CODES!$B$48)*100 | J100: =((J75-J74)/CODES!$B$48)*100 | ... AN100: =((AN75-AN74)/CODES!$B$48)*100 | AO100: =((AO75-AO74)/CODES!$C$48)*100 | AP100: =((AP75-AP74)/CODES!$C$48)*100 | AQ100: =((AQ75-AQ74)/CODES!$B$48)*100 | AR100: =((AR75-AR74)/CODES!$B$48)*100 | AS100: =((AS75-AS74)/CODES!$B$48)*100 | AT100: =((AT75-AT74)/CODES!$B$48)*100 | AU100: =((AU75-AU74)/CODES!$B$48)*100 | AV100: =((AV75-AV74)/CODES!$B$48)*100 | AW100: =((AW75-AW74)/CODES!$B$48)*100 | AX100: =((AX75-AX74)/CODES!$B$48)*100 | ... DI100: =((DI75-DI74)/CODES!$B$48)*100
A101: =A25 | B101: =B25 | C101: =IF(AND(C76=0,C77=0),"PASS, Both <RL",(ABS(C77-C76)/((C77+C76)/2))*100) | D101: =IF(AND(D76=0,D77=0),"PASS, Both <RL",(ABS(D77-D76)/((D77+D76)/2))*100) | E101: =IF(AND(E76=0,E77=0),"PASS, Both <RL",(ABS(E77-E76)/((E77+E76)/2))*100) | F101: =IF(AND(F76=0,F77=0),"PASS, Both <RL",(ABS(F77-F76)/((F77+F76)/2))*100) | G101: =IF(AND(G76=0,G77=0),"PASS, Both <RL",(ABS(G77-G76)/((G77+G76)/2))*100) | H101: =IF(AND(H76=0,H77=0),"PASS, Both <RL",(ABS(H77-H76)/((H77+H76)/2))*100) | I101: =IF(AND(I76=0,I77=0),"PASS, Both <RL",(ABS(I77-I76)/((I77+I76)/2))*100) | J101: =IF(AND(J76=0,J77=0),"PASS, Both <RL",(ABS(J77-J76)/((J77+J76)/2))*100) | ... DI101: =IF(AND(DI76=0,DI77=0),"PASS, Both <RL",(ABS(DI77-DI76)/((DI77+DI76)/2))*100)
A102: =A27 | B102: =B27 | C102: =IF(C53=C40,((C79-C78)/CODES!$B$48)*100,IF(CODES!$B$48/C78<0.3,"Spike < 30% of Sample Matrix",((C79-C78)/CODES!$B$48)*100)) | D102: =IF(D53=D40,((D79-D78)/CODES!$B$48)*100,IF(CODES!$B$48/D78<0.3,"Spike < 30% of Sample Matrix",((D79-D78)/CODES!$B$48)*100)) | E102: =IF(E53=E40,((E79-E78)/CODES!$B$48)*100,IF(CODES!$B$48/E78<0.3,"Spike < 30% of Sample Matrix",((E79-E78)/CODES!$B$48)*100)) | F102: =IF(F53=F40,((F79-F78)/CODES!$B$48)*100,IF(CODES!$B$48/F78<0.3,"Spike < 30% of Sample Matrix",((F79-F78)/CODES!$B$48)*100)) | G102: =IF(G53=G40,((G79-G78)/CODES!$B$48)*100,IF(CODES!$B$48/G78<0.3,"Spike < 30% of Sample Matrix",((G79-G78)/CODES!$B$48)*100)) | H102: =IF(H53=H40,((H79-H78)/CODES!$B$48)*100,IF(CODES!$B$48/H78<0.3,"Spike < 30% of Sample Matrix",((H79-H78)/CODES!$B$48)*100)) | I102: =IF(I53=I40,((I79-I78)/CODES!$B$48)*100,IF(CODES!$B$48/I78<0.3,"Spike < 30% of Sample Matrix",((I79-I78)/CODES!$B$48)*100)) | J102: =IF(J53=J40,((J79-J78)/CODES!$B$48)*100,IF(CODES!$B$48/J78<0.3,"Spike < 30% of Sample Matrix",((J79-J78)/CODES!$B$48)*100)) | ... DI102: =IF(DI53=DI40,((DI79-DI78)/CODES!$B$48)*100,IF(CODES!$B$48/DI78<0.3,"Spike < 30% of Sample Matrix",((DI79-DI78)/CODES!$B$48)*100))
A103: =A28 | B103: =B28 | C103: =((C80-C71)/CODES!$B$48)*100 | D103: =((D80-D71)/CODES!$B$48)*100 | E103: =((E80-E71)/CODES!$B$48)*100 | F103: =((F80-F71)/CODES!$B$48)*100 | G103: =((G80-G71)/CODES!$B$48)*100 | H103: =((H80-H71)/CODES!$B$48)*100 | I103: =((I80-I71)/CODES!$B$48)*100 | J103: =((J80-J71)/CODES!$B$48)*100 | ... AN103: =((AN80-AN71)/CODES!$B$48)*100 | AO103: =((AO80-AO71)/CODES!$C$48)*100 | AP103: =((AP80-AP71)/CODES!$C$48)*100 | AQ103: =((AQ80-AQ71)/CODES!$B$48)*100 | AR103: =((AR80-AR71)/CODES!$B$48)*100 | AS103: =((AS80-AS71)/CODES!$B$48)*100 | AT103: =((AT80-AT71)/CODES!$B$48)*100 | AU103: =((AU80-AU71)/CODES!$B$48)*100 | AV103: =((AV80-AV71)/CODES!$B$48)*100 | AW103: =((AW80-AW71)/CODES!$B$48)*100 | AX103: =((AX80-AX71)/CODES!$B$48)*100 | ... DI103: =((DI80-DI71)/CODES!$B$48)*100
A104: =A29 | B104: =B29 | C104: =((C81-C71)/CODES!$B$48)*100 | D104: =((D81-D71)/CODES!$B$48)*100 | E104: =((E81-E71)/CODES!$B$48)*100 | F104: =((F81-F71)/CODES!$B$48)*100 | G104: =((G81-G71)/CODES!$B$48)*100 | H104: =((H81-H71)/CODES!$B$48)*100 | I104: =((I81-I71)/CODES!$B$48)*100 | J104: =((J81-J71)/CODES!$B$48)*100 | ... AN104: =((AN81-AN71)/CODES!$B$48)*100 | AO104: =((AO81-AO71)/CODES!$C$48)*100 | AP104: =((AP81-AP71)/CODES!$C$48)*100 | AQ104: =((AQ81-AQ71)/CODES!$B$48)*100 | AR104: =((AR81-AR71)/CODES!$B$48)*100 | AS104: =((AS81-AS71)/CODES!$B$48)*100 | AT104: =((AT81-AT71)/CODES!$B$48)*100 | AU104: =((AU81-AU71)/CODES!$B$48)*100 | AV104: =((AV81-AV71)/CODES!$B$48)*100 | AW104: =((AW81-AW71)/CODES!$B$48)*100 | AX104: =((AX81-AX71)/CODES!$B$48)*100 | ... DI104: =((DI81-DI71)/CODES!$B$48)*100
A105: =A30 | B105: =B30 | C105: =((C82)/CODES!$B$50)*100 | D105: =((D82)/CODES!$B$50)*100 | E105: =((E82)/CODES!$B$50)*100 | F105: =((F82)/CODES!$B$50)*100 | G105: =((G82)/CODES!$B$50)*100 | H105: =((H82)/CODES!$B$50)*100 | I105: =((I82)/CODES!$B$50)*100 | J105: =((J82)/CODES!$B$50)*100 | ... DI105: =((DI82)/CODES!$B$50)*100
A106: =A31 | B106: =B31 | C106: =IF(C99="FAIL",IF(C74/C76*100<CODES!$C$36,"<10% Matrix",">10% Matrix"),"N.A.") | D106: =IF(D99="FAIL",IF(D74/D76*100<CODES!$C$36,"<10% Matrix",">10% Matrix"),"N.A.") | E106: =IF(E99="FAIL",IF(E74/E76*100<CODES!$C$36,"<10% Matrix",">10% Matrix"),"N.A.") | F106: =IF(F99="FAIL",IF(F74/F76*100<CODES!$C$36,"<10% Matrix",">10% Matrix"),"N.A.") | G106: =IF(G99="FAIL",IF(G74/G76*100<CODES!$C$36,"<10% Matrix",">10% Matrix"),"N.A.") | H106: =IF(H99="FAIL",IF(H74/H76*100<CODES!$C$36,"<10% Matrix",">10% Matrix"),"N.A.") | I106: =IF(I99="FAIL",IF(I74/I76*100<CODES!$C$36,"<10% Matrix",">10% Matrix"),"N.A.") | J106: =IF(J99="FAIL",IF(J74/J76*100<CODES!$C$36,"<10% Matrix",">10% Matrix"),"N.A.") | ... DI106: =IF(DI99="FAIL",IF(DI74/DI76*100<CODES!$C$36,"<10% Matrix",">10% Matrix"),"N.A.")
A107: =A32 | B107: =B32 | C107: =IF(C99="FAIL",IF(C74<CODES!$D$36*C39,"<2.2X RL",">2.2X RL"),"N.A.") | D107: =IF(D99="FAIL",IF(D74<CODES!$D$36*D39,"<2.2X RL",">2.2X RL"),"N.A.") | E107: =IF(E99="FAIL",IF(E74<CODES!$D$36*E39,"<2.2X RL",">2.2X RL"),"N.A.") | F107: =IF(F99="FAIL",IF(F74<CODES!$D$36*F39,"<2.2X RL",">2.2X RL"),"N.A.") | G107: =IF(G99="FAIL",IF(G74<CODES!$D$36*G39,"<2.2X RL",">2.2X RL"),"N.A.") | H107: =IF(H99="FAIL",IF(H74<CODES!$D$36*H39,"<2.2X RL",">2.2X RL"),"N.A.") | I107: =IF(I99="FAIL",IF(I74<CODES!$D$36*I39,"<2.2X RL",">2.2X RL"),"N.A.") | J107: =IF(J99="FAIL",IF(J74<CODES!$D$36*J39,"<2.2X RL",">2.2X RL"),"N.A.") | ... DI107: =IF(DI99="FAIL",IF(DI74<CODES!$D$36*DI39,"<2.2X RL",">2.2X RL"),"N.A.")
A108: =A33 | B108: =B33
A109: =A34 | B109: =B34
A110: =A35 | B110: =B35
A111: =A36 | B111: =B36
A112: =A37 | B112: =B37
A113: =A38 | B113: =B38
A114: *THIS TABLE HAS TWO ROWS REMOVED (IF EDITING, TAKE THIS INTO ACCOUNT)*

Sheet SUMMARY TABLE VERIFICATION
A1: REPORT ICPOES QA/QC DATA
A3: =INSTRUCTIONS!A3
B5: ="BATCH "&BATCH!B4
B7: Total Metals | C7: Units | D7: {=TRANSPOSE(BATCH!A96:A107)} | E7: IPC CCV5 after Calibration | F7: IPC CCV5 after Batch | G7: Digest Method Blank (LRB) | H7: Digest LFB | I7: SAMPLE DUPLICATE, RPD Calculated | J7: LFM Spike | K7: Instrument LFB | L7: Instrument Interference Check | M7: Instrument ICV | N7: Digest Method Blank Comparison to Sample Matrix | O7: Digest Method Blank Comparison to 2.2X RL
B8: Silver | C8: =CODES!$A$17 | D8: {=TRANSPOSE('BATCH VERIFICATION'!C96:C107)} | E8: 80.18 | F8: 80 | G8: PASS | H8: 29.7 | I8: PASS, Both <RL | J8: 29.2 | K8: 32.1 | L8: 30.6 | M8: 79.74 | N8: N.A. | O8: N.A.
B9: Aluminum | C9: =CODES!$A$17 | D9: {=TRANSPOSE('BATCH VERIFICATION'!E96:E107)} | E9: 101.74 | F9: 100.84 | G9: PASS | H9: 103.2 | I9: PASS, Both <RL | J9: 104.2 | K9: 94 | L9: #VALUE! | M9: 99.3 | N9: N.A. | O9: N.A.
B10: Arsenic | C10: =CODES!$A$17 | D10: {=TRANSPOSE('BATCH VERIFICATION'!F96:F107)} | E10: 99.54 | F10: 99.3 | G10: PASS | H10: 96.7 | I10: PASS, Both <RL | J10: 100.2 | K10: 95.6 | L10: 103 | M10: 99.68 | N10: N.A. | O10: N.A.
B11: Boron | C11: =CODES!$A$17 | D11: {=TRANSPOSE('BATCH VERIFICATION'!I96:I107)} | E11: 100.9 | F11: 101.08 | G11: PASS | H11: 102.4 | I11: 2.020202 | J11: 103.8 | K11: 99.7 | L11: 185.8 | M11: 99.78 | N11: N.A. | O11: N.A.
B12: Barium | C12: =CODES!$A$17 | D12: {=TRANSPOSE('BATCH VERIFICATION'!K96:K107)} | E12: 100.12 | F12: 100.36 | G12: PASS | H12: 104.3 | I12: 0 | J12: 104 | K12: 101.7 | L12: 99.7 | M12: 100.88 | N12: N.A. | O12: N.A.
B13: Beryllium | C13: =CODES!$A$17 | D13: {=TRANSPOSE('BATCH VERIFICATION'!M96:M107)} | E13: 103 | F13: 103.32 | G13: PASS | H13: 105.8 | I13: PASS, Both <RL | J13: 106.9 | K13: 101.3 | L13: 100.1 | M13: 100.46 | N13: N.A. | O13: N.A.
B14: Calcium | C14: =CODES!$A$17 | D14: {=TRANSPOSE('BATCH VERIFICATION'!P96:P107)} | E14: 99.84 | F14: 99.7 | G14: PASS | H14: 97.4 | I14: 0.010875143 | J14: Spike < 30% of Sample Matrix | K14: 94.3 | L14: 112.2 | M14: 99.6 | N14: N.A. | O14: N.A.
B15: Cadmium | C15: =CODES!$A$17 | D15: {=TRANSPOSE('BATCH VERIFICATION'!R96:R107)} | E15: 99.96 | F15: 100.06 | G15: PASS | H15: 102.1 | I15: PASS, Both <RL | J15: 102 | K15: 100.7 | L15: 101.1 | M15: 100.28 | N15: N.A. | O15: N.A.
B16: Cerium | C16: =CODES!$A$17 | D16: {=TRANSPOSE('BATCH VERIFICATION'!T96:T107)} | E16: 100.22 | F16: 100.28 | G16: PASS | H16: 92.4 | I16: PASS, Both <RL | J16: 92.2 | K16: 90.3 | L16: 79.1 | M16: 90.44 | N16: N.A. | O16: N.A.
B17: Cobalt | C17: =CODES!$A$17 | D17: {=TRANSPOSE('BATCH VERIFICATION'!V96:V107)} | E17: 99.78 | F17: 99.9 | G17: PASS | H17: 103.8 | I17: PASS, Both <RL | J17: 103 | K17: 100.4 | L17: 21.6 | M17: 99.46 | N17: N.A. | O17: N.A.
B18: Chromium | C18: =CODES!$A$17 | D18: {=TRANSPOSE('BATCH VERIFICATION'!Y96:Y107)} | E18: 100.4 | F18: 100.3 | G18: PASS | H18: 103 | I18: PASS, Both <RL | J18: 103.3 | K18: 100.4 | L18: 98 | M18: 100.38 | N18: N.A. | O18: N.A.
B19: Copper | C19: =CODES!$A$17 | D19: {=TRANSPOSE('BATCH VERIFICATION'!Z96:Z107)} | E19: 100 | F19: 100.1 | G19: PASS | H19: 103.2 | I19: 0.21306818 | J19: 101.4 | K19: 98.3 | L19: 100 | M19: 99.32 | N19: N.A. | O19: N.A.
B20: Dysprosium | C20: =CODES!$A$17 | D20: {=TRANSPOSE('BATCH VERIFICATION'!AB96:AB107)} | E20: 100.64 | F20: 100.86 | G20: PASS | H20: 103.2 | I20: PASS, Both <RL | J20: 103 | K20: 100 | L20: 96.2 | M20: 100.42 | N20: N.A. | O20: N.A.
B21: Erbium | C21: =CODES!$A$17 | D21: {=TRANSPOSE('BATCH VERIFICATION'!AD96:AD107)} | E21: 100.98 | F21: 100.96 | G21: PASS | H21: 102.6 | I21: PASS, Both <RL | J21: 102.5 | K21: 99.3 | L21: 96.5 | M21: 100.48 | N21: N.A. | O21: N.A.
B22: Europium | C22: =CODES!$A$17 | D22: {=TRANSPOSE('BATCH VERIFICATION'!AF96:AF107)} | E22: 102.06 | F22: 102.16 | G22: PASS | H22: 104.7 | I22: PASS, Both <RL | J22: 104.6 | K22: 100.7 | L22: 98 | M22: 100.76 | N22: N.A. | O22: N.A.
B23: Iron | C23: =CODES!$A$17 | D23: {=TRANSPOSE('BATCH VERIFICATION'!AH96:AH107)} | E23: 103.06 | F23: 100.48 | G23: PASS | H23: 103.7 | I23: 0 | J23: 104.4 | K23: 100 | L23: #VALUE! | M23: 100.68 | N23: N.A. | O23: N.A.
B24: Gallium | C24: =CODES!$A$17 | D24: {=TRANSPOSE('BATCH VERIFICATION'!AI96:AI107)} | E24: 99.88 | F24: 100.08 | G24: PASS | H24: 98.3 | I24: PASS, Both <RL | J24: 99.3 | K24: 96 | L24: 103.5 | M24: 98.98 | N24: N.A. | O24: N.A.
B25: Gadolinium | C25: =CODES!$A$17 | D25: {=TRANSPOSE('BATCH VERIFICATION'!AL96:AL107)} | E25: 100.58 | F25: 100.78 | G25: PASS | H25: 102.4 | I25: PASS, Both <RL | J25: 102.7 | K25: 99.5 | L25: 120.7 | M25: 100.14 | N25: N.A. | O25: N.A.
B26: Hafnium | C26: =CODES!$A$17 | D26: {=TRANSPOSE('BATCH VERIFICATION'!AN96:AN107)} | E26: 99.8 | F26: 99.54 | G26: PASS | H26: 99 | I26: PASS, Both <RL | J26: 98.4 | K26: 95.9 | L26: 89.6 | M26: 97.04 | N26: N.A. | O26: N.A.
B27: Mercury | C27: =CODES!$A$16 | D27: {=TRANSPOSE('BATCH VERIFICATION'!AP96:AP107)} | E27: 9580.7 | F27: 9805.44 | G27: PASS | H27: 79.71 | I27: PASS, Both <RL | J27: 9800.8 | K27: 84.278 | L27: 88.638 | M27: 9221.18 | N27: N.A. | O27: N.A.
B28: Holmium | C28: =CODES!$A$17 | D28: {=TRANSPOSE('BATCH VERIFICATION'!AR96:AR107)} | E28: 100.1 | F28: 100.04 | G28: PASS | H28: 102.5 | I28: PASS, Both <RL | J28: 102.3 | K28: 99.2 | L28: 95.3 | M28: 99.98 | N28: N.A. | O28: N.A.
B29: Potassium | C29: =CODES!$A$17 | D29: {=TRANSPOSE('BATCH VERIFICATION'!AS96:AS107)} | E29: 102.46 | F29: 102.86 | G29: PASS | H29: 100.6 | I29: 0.20631068 | J29: 112.2 | K29: 97.2 | L29: 135.1 | M29: 102.52 | N29: N.A. | O29: N.A.
B30: Lanthanum | C30: =CODES!$A$17 | D30: {=TRANSPOSE('BATCH VERIFICATION'!AT96:AT107)} | E30: 101.1 | F30: 100.64 | G30: PASS | H30: 102.7 | I30: 8.2191781 | J30: 101.9 | K30: 99.7 | L30: 95.8 | M30: 99.88 | N30: N.A. | O30: N.A.
B31: Lutetium | C31: =CODES!$A$17 | D31: {=TRANSPOSE('BATCH VERIFICATION'!AX96:AX107)} | E31: 100.12 | F31: 100.28 | G31: PASS | H31: 102.4 | I31: PASS, Both <RL | J31: 102.3 | K31: 101.2 | L31: 102.8 | M31: 101.1 | N31: N.A. | O31: N.A.
B32: Magnesium | C32: =CODES!$A$17 | D32: {=TRANSPOSE('BATCH VERIFICATION'!AZ96:AZ107)} | E32: 101.98 | F32: 101.9 | G32: PASS | H32: 104.4 | I32: 0.14165261 | J32: Spike < 30% of Sample Matrix | K32: 99.9 | L32: 98.3 | M32: 100.78 | N32: N.A. | O32: N.A.
B33: Manganese | C33: =CODES!$A$17 | D33: {=TRANSPOSE('BATCH VERIFICATION'!BB96:BB107)} | E33: 100.82 | F33: 100.68 | G33: PASS | H33: 102 | I33: 0 | J33: 101.5 | K33: 98.6 | L33: 96.9 | M33: 99.26 | N33: N.A. | O33: N.A.
B34: Molybdenum | C34: =CODES!$A$17 | D34: {=TRANSPOSE('BATCH VERIFICATION'!BD96:BD107)} | E34: 100 | F34: 100.32 | G34: PASS | H34: 105 | I34: 11.320755 | J34: 106.3 | K34: 102.8 | L34: 99.5 | M34: 104.04 | N34: N.A. | O34: N.A.
B35: Sodium | C35: =CODES!$A$17 | D35: {=TRANSPOSE('BATCH VERIFICATION'!BG96:BG107)} | E35: 102.56 | F35: 103.2 | G35: FAIL | H35: 102.3 | I35: 0.71572028 | J35: Spike < 30% of Sample Matrix | K35: 100.1 | L35: 135 | M35: 101.08 | N35: <10% Matrix | O35: >2.2X RL
B36: Niobium | C36: =CODES!$A$17 | D36: {=TRANSPOSE('BATCH VERIFICATION'!BI96:BI107)} | E36: 97.22 | F36: 97.02 | G36: PASS | H36: 77.9 | I36: PASS, Both <RL | J36: 79.2 | K36: #VALUE! | L36: #VALUE! | M36: #VALUE! | N36: N.A. | O36: N.A.
B37: Neodymium | C37: =CODES!$A$17 | D37: {=TRANSPOSE('BATCH VERIFICATION'!BJ96:BJ107)} | E37: 99.48 | F37: 99.78 | G37: PASS | H37: 97.7 | I37: PASS, Both <RL | J37: 96.9 | K37: 95.9 | L37: 92.5 | M37: 99.04 | N37: N.A. | O37: N.A.
B38: Nickel | C38: =CODES!$A$17 | D38: {=TRANSPOSE('BATCH VERIFICATION'!BM96:BM107)} | E38: 100.12 | F38: 100.06 | G38: PASS | H38: 102.9 | I38: PASS, Both <RL | J38: 102.2 | K38: 100.6 | L38: #VALUE! | M38: 99.6 | N38: N.A. | O38: N.A.
B39: Phosphorus | C39: =CODES!$A$17 | D39: {=TRANSPOSE('BATCH VERIFICATION'!BP96:BP107)} | E39: 102.6 | F39: 101.36 | G39: PASS | H39: 105 | I39: 20.580475 | J39: 109.9 | K39: 101.8 | L39: 105.4 | M39: 98.98 | N39: N.A. | O39: N.A.
B40: Lead | C40: =CODES!$A$17 | D40: {=TRANSPOSE('BATCH VERIFICATION'!BQ96:BQ107)} | E40: 99.58 | F40: 99.38 | G40: PASS | H40: 101.1 | I40: PASS, Both <RL | J40: 100.9 | K40: 98.7 | L40: 98.7 | M40: 100 | N40: N.A. | O40: N.A.
B41: Rubidium | C41: =CODES!$A$17 | D41: {=TRANSPOSE('BATCH VERIFICATION'!BR96:BR107)} | E41: 97.22 | F41: 97.34 | G41: PASS | H41: 96.2 | I41: PASS, Both <RL | J41: 98.8 | K41: 99.5 | L41: 116.9 | M41: 102.68 | N41: N.A. | O41: N.A.
B42: Sulfur | C42: =CODES!$A$17 | D42: {=TRANSPOSE('BATCH VERIFICATION'!BT96:BT107)} | E42: 98.72 | F42: 100.5 | G42: PASS | H42: 103.6 | I42: 0.22186193 | J42: Spike < 30% of Sample Matrix | K42: 96.7 | L42: 91 | M42: 97.78 | N42: N.A. | O42: N.A.
B43: Antimony | C43: =CODES!$A$17 | D43: {=TRANSPOSE('BATCH VERIFICATION'!BU96:BU107)} | E43: 97.5 | F43: 98.32 | G43: PASS | H43: 99.5 | I43: PASS, Both <RL | J43: 102 | K43: 95.4 | L43: 98.6 | M43: 98.94 | N43: N.A. | O43: N.A.
B44: Selenium | C44: =CODES!$A$17 | D44: {=TRANSPOSE('BATCH VERIFICATION'!BY96:BY107)} | E44: 100.8 | F44: 102.14 | G44: PASS | H44: 100.4 | I44: PASS, Both <RL | J44: 99.7 | K44: 95.1 | L44: 77.9 | M44: 99.2 | N44: N.A. | O44: N.A.
B45: Silicon | C45: =CODES!$A$17 | D45: {=TRANSPOSE('BATCH VERIFICATION'!CA96:CA107)} | E45: 99.94 | F45: 100.24 | G45: FAIL | H45: 100.4 | I45: #VALUE! | J45: Spike < 30% of Sample Matrix | K45: 100 | L45: 91.9 | M45: 103.42 | N45: #VALUE! | O45: >2.2X RL
B46: Samarium | C46: =CODES!$A$17 | D46: {=TRANSPOSE('BATCH VERIFICATION'!CC96:CC107)} | E46: 101.64 | F46: 102.18 | G46: PASS | H46: 103.2 | I46: PASS, Both <RL | J46: 103 | K46: 98.8 | L46: 99.1 | M46: 100.3 | N46: N.A. | O46: N.A.
B47: Tin | C47: =CODES!$A$17 | D47: {=TRANSPOSE('BATCH VERIFICATION'!CE96:CE107)} | E47: 101.24 | F47: 101.3 | G47: PASS | H47: 101.4 | I47: PASS, Both <RL | J47: 103.3 | K47: 97.7 | L47: 97.8 | M47: 100.2 | N47: N.A. | O47: N.A.
B48: Strontium | C48: =CODES!$A$17 | D48: {=TRANSPOSE('BATCH VERIFICATION'!CG96:CG107)} | E48: 99.98 | F48: 100.8 | G48: PASS | H48: 102.7 | I48: 0 | J48: 102.7 | K48: 99.5 | L48: 99.2 | M48: 100.28 | N48: N.A. | O48: N.A.
B49: Tantalum | C49: =CODES!$A$17 | D49: {=TRANSPOSE('BATCH VERIFICATION'!CJ96:CJ107)} | E49: 101.88 | F49: 101.36 | G49: PASS | H49: 62.3 | I49: PASS, Both <RL | J49: 62.5 | K49: 87.4 | L49: 87.7 | M49: 96.38 | N49: N.A. | O49: N.A.
B50: Tellurium | C50: =CODES!$A$17 | D50: {=TRANSPOSE('BATCH VERIFICATION'!CL96:CL107)} | E50: 101.14 | F50: 100.76 | G50: PASS | H50: 97.8 | I50: PASS, Both <RL | J50: 98.4 | K50: 99.3 | L50: 116.4 | M50: 99.12 | N50: N.A. | O50: N.A.
B51: Thorium | C51: =CODES!$A$17 | D51: {=TRANSPOSE('BATCH VERIFICATION'!CN96:CN107)} | E51: 103.24 | F51: 103.16 | G51: PASS | H51: 101.1 | I51: PASS, Both <RL | J51: 100.9 | K51: 97.5 | L51: 212.1 | M51: 100.4 | N51: N.A. | O51: N.A.
B52: Titanium | C52: =CODES!$A$17 | D52: {=TRANSPOSE('BATCH VERIFICATION'!CO96:CO107)} | E52: 99.8 | F52: 100.18 | G52: PASS | H52: 99.4 | I52: PASS, Both <RL | J52: 99.4 | K52: 98 | L52: 96 | M52: 96.98 | N52: N.A. | O52: N.A.
B53: Thallium | C53: =CODES!$A$17 | D53: {=TRANSPOSE('BATCH VERIFICATION'!CQ96:CQ107)} | E53: 100.48 | F53: 100.6 | G53: PASS | H53: 99.3 | I53: PASS, Both <RL | J53: 101.3 | K53: 94.9 | L53: 93 | M53: 99.08 | N53: N.A. | O53: N.A.
B54: Thulium | C54: =CODES!$A$17 | D54: {=TRANSPOSE('BATCH VERIFICATION'!CT96:CT107)} | E54: 111.34 | F54: 111.76 | G54: PASS | H54: 107.6 | I54: PASS, Both <RL | J54: 108.7 | K54: 102.3 | L54: 97.2 | M54: 108.96 | N54: N.A. | O54: N.A. | R54: Possible Comment Conditions
B55: Uranium | C55: =CODES!$A$17 | D55: {=TRANSPOSE('BATCH VERIFICATION'!CW96:CW107)} | E55: 100.64 | F55: 100.58 | G55: PASS | H55: 100.1 | I55: PASS, Both <RL | J55: 99.9 | K55: 92.3 | L55: 303.4 | M55: 99.2 | N55: N.A. | O55: N.A.
B56: Vanadium | C56: =CODES!$A$17 | D56: {=TRANSPOSE('BATCH VERIFICATION'!CX96:CX107)} | E56: 101.2 | F56: 101.26 | G56: PASS | H56: 102.8 | I56: 200 | J56: 103.7 | K56: 99.6 | L56: 104.4 | M56: 100.74 | N56: N.A. | O56: N.A. | R56: a. IPCs are good, spike must be matrix relatated (SOP 8.1.1.3)
B57: Tungsten | C57: =CODES!$A$17 | D57: {=TRANSPOSE('BATCH VERIFICATION'!CZ96:CZ107)} | E57: 99.52 | F57: 99.32 | G57: PASS | H57: 94.5 | I57: PASS, Both <RL | J57: 94.1 | K57: 92.7 | L57: 92.1 | M57: 97.56 | N57: N.A. | O57: N.A. | R57: b. Spike < 30% of Sample Matrix
B58: Ytterbium | C58: =CODES!$A$17 | D58: {=TRANSPOSE('BATCH VERIFICATION'!DD96:DD107)} | E58: 100.84 | F58: 101 | G58: PASS | H58: 104.2 | I58: PASS, Both <RL | J58: 103.9 | K58: 101 | L58: 99.3 | M58: 100.64 | N58: N.A. | O58: N.A. | R58: c. Digest LRB <10% Matrix
B59: Zinc | C59: =CODES!$A$17 | D59: {=TRANSPOSE('BATCH VERIFICATION'!DG96:DG107)} | E59: 100.06 | F59: 100.36 | G59: PASS | H59: 103.2 | I59: 1.6528926 | J59: 102.4 | K59: 100.5 | L59: 228.5 | M59: 100.06 | N59: N.A. | O59: N.A. | R59: d. Digest LRB <2.2X RL
B60: Zirconium | C60: =CODES!$A$17 | D60: {=TRANSPOSE('BATCH VERIFICATION'!DI96:DI107)} | E60: 100.5 | F60: 100.76 | G60: PASS | H60: 99.6 | I60: PASS, Both <RL | J60: 99.7 | K60: 96.8 | L60: 99.3 | M60: 97.82 | N60: N.A. | O60: N.A. | R60: e. Duplicate within 2.2X RL
R61: f. IPC Blank within 2.2X RL
B63: Total Metals | C63: Units | D63: IPC Blank after Calibration (NALS Blank) | E63: IPC CCV5 after Calibration | F63: IPC CCV5 after Batch | G63: Digest Method Blank (LRB) | H63: Digest LFB | I63: SAMPLE DUPLICATE, RPD Calculated | J63: LFM Spike | K63: Instrument LFB | L63: Instrument Interference Check | M63: Instrument ICV | N63: Digest Method Blank Comparison to Sample Matrix | O63: Digest Method Blank Comparison to 2.2X RL | P63: Comments
B64: =B8 | C64: =C8 | D64: =D8 | E64: =IF(AND(E8>=CODES!$C$34,E8<=CODES!$D$34),"PASS","FAIL") | F64: =IF(AND(F8>=CODES!$C$35,F8<=CODES!$D$35),"PASS","FAIL") | G64: =G8 | H64: =IF(AND(H8>=CODES!$C$37,H8<=CODES!$D$37),"PASS","FAIL") | I64: =IF(ISTEXT(I8),I8,IF(ISERROR(I8),"CHECK DUP",IF(I8>CODES!$B$39,"FAIL","PASS"))) | J64: =IF(AND(J8>=CODES!$C$41,J8<=CODES!$D$41),"PASS","FAIL") | K64: =IF(AND(K8>=CODES!$C$42,K8<=CODES!$D$42),"PASS","FAIL") | L64: =IF(AND(L8>=CODES!$C$43,L8<=CODES!$D$43),"PASS","FAIL") | M64: =IF(AND(M8>=CODES!$C$44,M8<=CODES!$D$44),"PASS","FAIL") | N64: =IF(ISERROR(N8),"Over-range Error",N8) | O64: =O8
B65: =B9 | C65: =C9 | D65: =D9 | E65: =IF(AND(E9>=CODES!$C$34,E9<=CODES!$D$34),"PASS","FAIL") | F65: =IF(AND(F9>=CODES!$C$35,F9<=CODES!$D$35),"PASS","FAIL") | G65: =G9 | H65: =IF(AND(H9>=CODES!$C$37,H9<=CODES!$D$37),"PASS","FAIL") | I65: =IF(ISTEXT(I9),I9,IF(ISERROR(I9),"CHECK DUP",IF(I9>CODES!$B$39,"FAIL","PASS"))) | J65: =IF(AND(J9>=CODES!$C$41,J9<=CODES!$D$41),"PASS","FAIL") | K65: =IF(AND(K9>=CODES!$C$42,K9<=CODES!$D$42),"PASS","FAIL") | L65: IC Metal | M65: =IF(AND(M9>=CODES!$C$44,M9<=CODES!$D$44),"PASS","FAIL") | N65: =IF(ISERROR(N9),"Over-range Error",N9) | O65: =O9
B66: =B10 | C66: =C10 | D66: =D10 | E66: =IF(AND(E10>=CODES!$C$34,E10<=CODES!$D$34),"PASS","FAIL") | F66: =IF(AND(F10>=CODES!$C$35,F10<=CODES!$D$35),"PASS","FAIL") | G66: =G10 | H66: =IF(AND(H10>=CODES!$C$37,H10<=CODES!$D$37),"PASS","FAIL") | I66: =IF(ISTEXT(I10),I10,IF(ISERROR(I10),"CHECK DUP",IF(I10>CODES!$B$39,"FAIL","PASS"))) | J66: =IF(AND(J10>=CODES!$C$41,J10<=CODES!$D$41),"PASS","FAIL") | K66: =IF(AND(K10>=CODES!$C$42,K10<=CODES!$D$42),"PASS","FAIL") | L66: =IF(AND(L10>=CODES!$C$43,L10<=CODES!$D$43),"PASS","FAIL") | M66: =IF(AND(M10>=CODES!$C$44,M10<=CODES!$D$44),"PASS","FAIL") | N66: =IF(ISERROR(N10),"Over-range Error",N10) | O66: =O10
B67: =B11 | C67: =C11 | D67: =D11 | E67: =IF(AND(E11>=CODES!$C$34,E11<=CODES!$D$34),"PASS","FAIL") | F67: =IF(AND(F11>=CODES!$C$35,F11<=CODES!$D$35),"PASS","FAIL") | G67: =G11 | H67: =IF(AND(H11>=CODES!$C$37,H11<=CODES!$D$37),"PASS","FAIL") | I67: =IF(ISTEXT(I11),I11,IF(ISERROR(I11),"CHECK DUP",IF(I11>CODES!$B$39,"FAIL","PASS"))) | J67: =IF(AND(J11>=CODES!$C$41,J11<=CODES!$D$41),"PASS","FAIL") | K67: =IF(AND(K11>=CODES!$C$42,K11<=CODES!$D$42),"PASS","FAIL") | L67: =IF(AND(L11>=CODES!$C$43,L11<=CODES!$D$43),"PASS","FAIL") | M67: =IF(AND(M11>=CODES!$C$44,M11<=CODES!$D$44),"PASS","FAIL") | N67: =IF(ISERROR(N11),"Over-range Error",N11) | O67: =O11
B68: =B12 | C68: =C12 | D68: =D12 | E68: =IF(AND(E12>=CODES!$C$34,E12<=CODES!$D$34),"PASS","FAIL") | F68: =IF(AND(F12>=CODES!$C$35,F12<=CODES!$D$35),"PASS","FAIL") | G68: =G12 | H68: =IF(AND(H12>=CODES!$C$37,H12<=CODES!$D$37),"PASS","FAIL") | I68: =IF(ISTEXT(I12),I12,IF(ISERROR(I12),"CHECK DUP",IF(I12>CODES!$B$39,"FAIL","PASS"))) | J68: =IF(AND(J12>=CODES!$C$41,J12<=CODES!$D$41),"PASS","FAIL") | K68: =IF(AND(K12>=CODES!$C$42,K12<=CODES!$D$42),"PASS","FAIL") | L68: =IF(AND(L12>=CODES!$C$43,L12<=CODES!$D$43),"PASS","FAIL") | M68: =IF(AND(M12>=CODES!$C$44,M12<=CODES!$D$44),"PASS","FAIL") | N68: =IF(ISERROR(N12),"Over-range Error",N12) | O68: =O12
B69: =B13 | C69: =C13 | D69: =D13 | E69: =IF(AND(E13>=CODES!$C$34,E13<=CODES!$D$34),"PASS","FAIL") | F69: =IF(AND(F13>=CODES!$C$35,F13<=CODES!$D$35),"PASS","FAIL") | G69: =G13 | H69: =IF(AND(H13>=CODES!$C$37,H13<=CODES!$D$37),"PASS","FAIL") | I69: =IF(ISTEXT(I13),I13,IF(ISERROR(I13),"CHECK DUP",IF(I13>CODES!$B$39,"FAIL","PASS"))) | J69: =IF(AND(J13>=CODES!$C$41,J13<=CODES!$D$41),"PASS","FAIL") | K69: =IF(AND(K13>=CODES!$C$42,K13<=CODES!$D$42),"PASS","FAIL") | L69: =IF(AND(L13>=CODES!$C$43,L13<=CODES!$D$43),"PASS","FAIL") | M69: =IF(AND(M13>=CODES!$C$44,M13<=CODES!$D$44),"PASS","FAIL") | N69: =IF(ISERROR(N13),"Over-range Error",N13) | O69: =O13
B70: =B14 | C70: =C14 | D70: =D14 | E70: =IF(AND(E14>=CODES!$C$34,E14<=CODES!$D$34),"PASS","FAIL") | F70: =IF(AND(F14>=CODES!$C$35,F14<=CODES!$D$35),"PASS","FAIL") | G70: =G14 | H70: =IF(AND(H14>=CODES!$C$37,H14<=CODES!$D$37),"PASS","FAIL") | I70: =IF(ISTEXT(I14),I14,IF(ISERROR(I14),"CHECK DUP",IF(I14>CODES!$B$39,"FAIL","PASS"))) | J70: =IF(AND(J14>=CODES!$C$41,J14<=CODES!$D$41),"PASS","FAIL") | K70: =IF(AND(K14>=CODES!$C$42,K14<=CODES!$D$42),"PASS","FAIL") | L70: =IF(AND(L14>=CODES!$C$43,L14<=CODES!$D$43),"PASS","FAIL") | M70: =IF(AND(M14>=CODES!$C$44,M14<=CODES!$D$44),"PASS","FAIL") | N70: =IF(ISERROR(N14),"Over-range Error",N14) | O70: =O14 | P70: Spike < 30% of Sample Matrix
B71: =B15 | C71: =C15 | D71: =D15 | E71: =IF(AND(E15>=CODES!$C$34,E15<=CODES!$D$34),"PASS","FAIL") | F71: =IF(AND(F15>=CODES!$C$35,F15<=CODES!$D$35),"PASS","FAIL") | G71: =G15 | H71: =IF(AND(H15>=CODES!$C$37,H15<=CODES!$D$37),"PASS","FAIL") | I71: =IF(ISTEXT(I15),I15,IF(ISERROR(I15),"CHECK DUP",IF(I15>CODES!$B$39,"FAIL","PASS"))) | J71: =IF(AND(J15>=CODES!$C$41,J15<=CODES!$D$41),"PASS","FAIL") | K71: =IF(AND(K15>=CODES!$C$42,K15<=CODES!$D$42),"PASS","FAIL") | L71: =IF(AND(L15>=CODES!$C$43,L15<=CODES!$D$43),"PASS","FAIL") | M71: =IF(AND(M15>=CODES!$C$44,M15<=CODES!$D$44),"PASS","FAIL") | N71: =IF(ISERROR(N15),"Over-range Error",N15) | O71: =O15
B72: =B16 | C72: =C16 | D72: =D16 | E72: =IF(AND(E16>=CODES!$C$34,E16<=CODES!$D$34),"PASS","FAIL") | F72: =IF(AND(F16>=CODES!$C$35,F16<=CODES!$D$35),"PASS","FAIL") | G72: =G16 | H72: =IF(AND(H16>=CODES!$C$37,H16<=CODES!$D$37),"PASS","FAIL") | I72: =IF(ISTEXT(I16),I16,IF(ISERROR(I16),"CHECK DUP",IF(I16>CODES!$B$39,"FAIL","PASS"))) | J72: =IF(AND(J16>=CODES!$C$41,J16<=CODES!$D$41),"PASS","FAIL") | K72: =IF(AND(K16>=CODES!$C$42,K16<=CODES!$D$42),"PASS","FAIL") | L72: =IF(AND(L16>=CODES!$C$43,L16<=CODES!$D$43),"PASS","FAIL") | M72: =IF(AND(M16>=CODES!$C$44,M16<=CODES!$D$44),"PASS","FAIL") | N72: =IF(ISERROR(N16),"Over-range Error",N16) | O72: =O16
B73: =B17 | C73: =C17 | D73: =D17 | E73: =IF(AND(E17>=CODES!$C$34,E17<=CODES!$D$34),"PASS","FAIL") | F73: =IF(AND(F17>=CODES!$C$35,F17<=CODES!$D$35),"PASS","FAIL") | G73: =G17 | H73: =IF(AND(H17>=CODES!$C$37,H17<=CODES!$D$37),"PASS","FAIL") | I73: =IF(ISTEXT(I17),I17,IF(ISERROR(I17),"CHECK DUP",IF(I17>CODES!$B$39,"FAIL","PASS"))) | J73: =IF(AND(J17>=CODES!$C$41,J17<=CODES!$D$41),"PASS","FAIL") | K73: =IF(AND(K17>=CODES!$C$42,K17<=CODES!$D$42),"PASS","FAIL") | L73: =IF(AND(L17>=CODES!$C$43,L17<=CODES!$D$43),"PASS","FAIL") | M73: =IF(AND(M17>=CODES!$C$44,M17<=CODES!$D$44),"PASS","FAIL") | N73: =IF(ISERROR(N17),"Over-range Error",N17) | O73: =O17
B74: =B18 | C74: =C18 | D74: =D18 | E74: =IF(AND(E18>=CODES!$C$34,E18<=CODES!$D$34),"PASS","FAIL") | F74: =IF(AND(F18>=CODES!$C$35,F18<=CODES!$D$35),"PASS","FAIL") | G74: =G18 | H74: =IF(AND(H18>=CODES!$C$37,H18<=CODES!$D$37),"PASS","FAIL") | I74: =IF(ISTEXT(I18),I18,IF(ISERROR(I18),"CHECK DUP",IF(I18>CODES!$B$39,"FAIL","PASS"))) | J74: =IF(AND(J18>=CODES!$C$41,J18<=CODES!$D$41),"PASS","FAIL") | K74: =IF(AND(K18>=CODES!$C$42,K18<=CODES!$D$42),"PASS","FAIL") | L74: =IF(AND(L18>=CODES!$C$43,L18<=CODES!$D$43),"PASS","FAIL") | M74: =IF(AND(M18>=CODES!$C$44,M18<=CODES!$D$44),"PASS","FAIL") | N74: =IF(ISERROR(N18),"Over-range Error",N18) | O74: =O18
B75: =B19 | C75: =C19 | D75: =D19 | E75: =IF(AND(E19>=CODES!$C$34,E19<=CODES!$D$34),"PASS","FAIL") | F75: =IF(AND(F19>=CODES!$C$35,F19<=CODES!$D$35),"PASS","FAIL") | G75: =G19 | H75: =IF(AND(H19>=CODES!$C$37,H19<=CODES!$D$37),"PASS","FAIL") | I75: =IF(ISTEXT(I19),I19,IF(ISERROR(I19),"CHECK DUP",IF(I19>CODES!$B$39,"FAIL","PASS"))) | J75: =IF(AND(J19>=CODES!$C$41,J19<=CODES!$D$41),"PASS","FAIL") | K75: =IF(AND(K19>=CODES!$C$42,K19<=CODES!$D$42),"PASS","FAIL") | L75: =IF(AND(L19>=CODES!$C$43,L19<=CODES!$D$43),"PASS","FAIL") | M75: =IF(AND(M19>=CODES!$C$44,M19<=CODES!$D$44),"PASS","FAIL") | N75: =IF(ISERROR(N19),"Over-range Error",N19) | O75: =O19
B76: =B20 | C76: =C20 | D76: =D20 | E76: =IF(AND(E20>=CODES!$C$34,E20<=CODES!$D$34),"PASS","FAIL") | F76: =IF(AND(F20>=CODES!$C$35,F20<=CODES!$D$35),"PASS","FAIL") | G76: =G20 | H76: =IF(AND(H20>=CODES!$C$37,H20<=CODES!$D$37),"PASS","FAIL") | I76: =IF(ISTEXT(I20),I20,IF(ISERROR(I20),"CHECK DUP",IF(I20>CODES!$B$39,"FAIL","PASS"))) | J76: =IF(AND(J20>=CODES!$C$41,J20<=CODES!$D$41),"PASS","FAIL") | K76: =IF(AND(K20>=CODES!$C$42,K20<=CODES!$D$42),"PASS","FAIL") | L76: =IF(AND(L20>=CODES!$C$43,L20<=CODES!$D$43),"PASS","FAIL") | M76: =IF(AND(M20>=CODES!$C$44,M20<=CODES!$D$44),"PASS","FAIL") | N76: =IF(ISERROR(N20),"Over-range Error",N20) | O76: =O20
B77: =B21 | C77: =C21 | D77: =D21 | E77: =IF(AND(E21>=CODES!$C$34,E21<=CODES!$D$34),"PASS","FAIL") | F77: =IF(AND(F21>=CODES!$C$35,F21<=CODES!$D$35),"PASS","FAIL") | G77: =G21 | H77: =IF(AND(H21>=CODES!$C$37,H21<=CODES!$D$37),"PASS","FAIL") | I77: =IF(ISTEXT(I21),I21,IF(ISERROR(I21),"CHECK DUP",IF(I21>CODES!$B$39,"FAIL","PASS"))) | J77: =IF(AND(J21>=CODES!$C$41,J21<=CODES!$D$41),"PASS","FAIL") | K77: =IF(AND(K21>=CODES!$C$42,K21<=CODES!$D$42),"PASS","FAIL") | L77: =IF(AND(L21>=CODES!$C$43,L21<=CODES!$D$43),"PASS","FAIL") | M77: =IF(AND(M21>=CODES!$C$44,M21<=CODES!$D$44),"PASS","FAIL") | N77: =IF(ISERROR(N21),"Over-range Error",N21) | O77: =O21
B78: =B22 | C78: =C22 | D78: =D22 | E78: =IF(AND(E22>=CODES!$C$34,E22<=CODES!$D$34),"PASS","FAIL") | F78: =IF(AND(F22>=CODES!$C$35,F22<=CODES!$D$35),"PASS","FAIL") | G78: =G22 | H78: =IF(AND(H22>=CODES!$C$37,H22<=CODES!$D$37),"PASS","FAIL") | I78: =IF(ISTEXT(I22),I22,IF(ISERROR(I22),"CHECK DUP",IF(I22>CODES!$B$39,"FAIL","PASS"))) | J78: =IF(AND(J22>=CODES!$C$41,J22<=CODES!$D$41),"PASS","FAIL") | K78: =IF(AND(K22>=CODES!$C$42,K22<=CODES!$D$42),"PASS","FAIL") | L78: =IF(AND(L22>=CODES!$C$43,L22<=CODES!$D$43),"PASS","FAIL") | M78: =IF(AND(M22>=CODES!$C$44,M22<=CODES!$D$44),"PASS","FAIL") | N78: =IF(ISERROR(N22),"Over-range Error",N22) | O78: =O22
B79: =B23 | C79: =C23 | D79: =D23 | E79: =IF(AND(E23>=CODES!$C$34,E23<=CODES!$D$34),"PASS","FAIL") | F79: =IF(AND(F23>=CODES!$C$35,F23<=CODES!$D$35),"PASS","FAIL") | G79: =G23 | H79: =IF(AND(H23>=CODES!$C$37,H23<=CODES!$D$37),"PASS","FAIL") | I79: =IF(ISTEXT(I23),I23,IF(ISERROR(I23),"CHECK DUP",IF(I23>CODES!$B$39,"FAIL","PASS"))) | J79: =IF(AND(J23>=CODES!$C$41,J23<=CODES!$D$41),"PASS","FAIL") | K79: =IF(AND(K23>=CODES!$C$42,K23<=CODES!$D$42),"PASS","FAIL") | L79: =IFERROR(L23,"IC Metal") | M79: =IF(AND(M23>=CODES!$C$44,M23<=CODES!$D$44),"PASS","FAIL") | N79: =IF(ISERROR(N23),"Over-range Error",N23) | O79: =O23
B80: =B24 | C80: =C24 | D80: =D24 | E80: =IF(AND(E24>=CODES!$C$34,E24<=CODES!$D$34),"PASS","FAIL") | F80: =IF(AND(F24>=CODES!$C$35,F24<=CODES!$D$35),"PASS","FAIL") | G80: =G24 | H80: =IF(AND(H24>=CODES!$C$37,H24<=CODES!$D$37),"PASS","FAIL") | I80: =IF(ISTEXT(I24),I24,IF(ISERROR(I24),"CHECK DUP",IF(I24>CODES!$B$39,"FAIL","PASS"))) | J80: =IF(AND(J24>=CODES!$C$41,J24<=CODES!$D$41),"PASS","FAIL") | K80: =IF(AND(K24>=CODES!$C$42,K24<=CODES!$D$42),"PASS","FAIL") | L80: =IF(AND(L24>=CODES!$C$43,L24<=CODES!$D$43),"PASS","FAIL") | M80: =IF(AND(M24>=CODES!$C$44,M24<=CODES!$D$44),"PASS","FAIL") | N80: =IF(ISERROR(N24),"Over-range Error",N24) | O80: =O24
B81: =B25 | C81: =C25 | D81: =D25 | E81: =IF(AND(E25>=CODES!$C$34,E25<=CODES!$D$34),"PASS","FAIL") | F81: =IF(AND(F25>=CODES!$C$35,F25<=CODES!$D$35),"PASS","FAIL") | G81: =G25 | H81: =IF(AND(H25>=CODES!$C$37,H25<=CODES!$D$37),"PASS","FAIL") | I81: =IF(ISTEXT(I25),I25,IF(ISERROR(I25),"CHECK DUP",IF(I25>CODES!$B$39,"FAIL","PASS"))) | J81: =IF(AND(J25>=CODES!$C$41,J25<=CODES!$D$41),"PASS","FAIL") | K81: =IF(AND(K25>=CODES!$C$42,K25<=CODES!$D$42),"PASS","FAIL") | L81: =IF(AND(L25>=CODES!$C$43,L25<=CODES!$D$43),"PASS","FAIL") | M81: =IF(AND(M25>=CODES!$C$44,M25<=CODES!$D$44),"PASS","FAIL") | N81: =IF(ISERROR(N25),"Over-range Error",N25) | O81: =O25
B82: =B26 | C82: =C26 | D82: =D26 | E82: =IF(AND(E26>=CODES!$C$34,E26<=CODES!$D$34),"PASS","FAIL") | F82: =IF(AND(F26>=CODES!$C$35,F26<=CODES!$D$35),"PASS","FAIL") | G82: =G26 | H82: =IF(AND(H26>=CODES!$C$37,H26<=CODES!$D$37),"PASS","FAIL") | I82: =IF(ISTEXT(I26),I26,IF(ISERROR(I26),"CHECK DUP",IF(I26>CODES!$B$39,"FAIL","PASS"))) | J82: =IF(AND(J26>=CODES!$C$41,J26<=CODES!$D$41),"PASS","FAIL") | K82: =IF(AND(K26>=CODES!$C$42,K26<=CODES!$D$42),"PASS","FAIL") | L82: =IF(AND(L26>=CODES!$C$43,L26<=CODES!$D$43),"PASS","FAIL") | M82: =IF(AND(M26>=CODES!$C$44,M26<=CODES!$D$44),"PASS","FAIL") | N82: =IF(ISERROR(N26),"Over-range Error",N26) | O82: =O26
B83: =B27 | C83: =C27 | D83: =D27 | E83: =IF(AND(E27>=CODES!$C$34,E27<=CODES!$D$34),"PASS","FAIL") | F83: =IF(AND(F27>=CODES!$C$35,F27<=CODES!$D$35),"PASS","FAIL") | G83: =G27 | H83: =IF(AND(H27>=CODES!$C$37,H27<=CODES!$D$37),"PASS","FAIL") | I83: =IF(ISTEXT(I27),I27,IF(ISERROR(I27),"CHECK DUP",IF(I27>CODES!$B$39,"FAIL","PASS"))) | J83: =IF(AND(J27>=CODES!$C$41,J27<=CODES!$D$41),"PASS","FAIL") | K83: =IF(AND(K27>=CODES!$C$42,K27<=CODES!$D$42),"PASS","FAIL") | L83: =IF(AND(L27>=CODES!$C$43,L27<=CODES!$D$43),"PASS","FAIL") | M83: =IF(AND(M27>=CODES!$C$44,M27<=CODES!$D$44),"PASS","FAIL") | N83: =IF(ISERROR(N27),"Over-range Error",N27) | O83: =O27
B84: =B28 | C84: =C28 | D84: =D28 | E84: =IF(AND(E28>=CODES!$C$34,E28<=CODES!$D$34),"PASS","FAIL") | F84: =IF(AND(F28>=CODES!$C$35,F28<=CODES!$D$35),"PASS","FAIL") | G84: =G28 | H84: =IF(AND(H28>=CODES!$C$37,H28<=CODES!$D$37),"PASS","FAIL") | I84: =IF(ISTEXT(I28),I28,IF(ISERROR(I28),"CHECK DUP",IF(I28>CODES!$B$39,"FAIL","PASS"))) | J84: =IF(AND(J28>=CODES!$C$41,J28<=CODES!$D$41),"PASS","FAIL") | K84: =IF(AND(K28>=CODES!$C$42,K28<=CODES!$D$42),"PASS","FAIL") | L84: =IF(AND(L28>=CODES!$C$43,L28<=CODES!$D$43),"PASS","FAIL") | M84: =IF(AND(M28>=CODES!$C$44,M28<=CODES!$D$44),"PASS","FAIL") | N84: =IF(ISERROR(N28),"Over-range Error",N28) | O84: =O28
B85: =B29 | C85: =C29 | D85: =D29 | E85: =IF(AND(E29>=CODES!$C$34,E29<=CODES!$D$34),"PASS","FAIL") | F85: =IF(AND(F29>=CODES!$C$35,F29<=CODES!$D$35),"PASS","FAIL") | G85: =G29 | H85: =IF(AND(H29>=CODES!$C$37,H29<=CODES!$D$37),"PASS","FAIL") | I85: =IF(ISTEXT(I29),I29,IF(ISERROR(I29),"CHECK DUP",IF(I29>CODES!$B$39,"FAIL","PASS"))) | J85: =IF(AND(J29>=CODES!$C$41,J29<=CODES!$D$41),"PASS","FAIL") | K85: =IF(AND(K29>=CODES!$C$42,K29<=CODES!$D$42),"PASS","FAIL") | L85: =IF(AND(L29>=CODES!$C$43,L29<=CODES!$D$43),"PASS","FAIL") | M85: =IF(AND(M29>=CODES!$C$44,M29<=CODES!$D$44),"PASS","FAIL") | N85: =IF(ISERROR(N29),"Over-range Error",N29) | O85: =O29
B86: =B30 | C86: =C30 | D86: =D30 | E86: =IF(AND(E30>=CODES!$C$34,E30<=CODES!$D$34),"PASS","FAIL") | F86: =IF(AND(F30>=CODES!$C$35,F30<=CODES!$D$35),"PASS","FAIL") | G86: =G30 | H86: =IF(AND(H30>=CODES!$C$37,H30<=CODES!$D$37),"PASS","FAIL") | I86: =IF(ISTEXT(I30),I30,IF(ISERROR(I30),"CHECK DUP",IF(I30>CODES!$B$39,"FAIL","PASS"))) | J86: =IF(AND(J30>=CODES!$C$41,J30<=CODES!$D$41),"PASS","FAIL") | K86: =IF(AND(K30>=CODES!$C$42,K30<=CODES!$D$42),"PASS","FAIL") | L86: =IF(AND(L30>=CODES!$C$43,L30<=CODES!$D$43),"PASS","FAIL") | M86: =IF(AND(M30>=CODES!$C$44,M30<=CODES!$D$44),"PASS","FAIL") | N86: =IF(ISERROR(N30),"Over-range Error",N30) | O86: =O30
B87: =B31 | C87: =C31 | D87: =D31 | E87: =IF(AND(E31>=CODES!$C$34,E31<=CODES!$D$34),"PASS","FAIL") | F87: =IF(AND(F31>=CODES!$C$35,F31<=CODES!$D$35),"PASS","FAIL") | G87: =G31 | H87: =IF(AND(H31>=CODES!$C$37,H31<=CODES!$D$37),"PASS","FAIL") | I87: =IF(ISTEXT(I31),I31,IF(ISERROR(I31),"CHECK DUP",IF(I31>CODES!$B$39,"FAIL","PASS"))) | J87: =IF(AND(J31>=CODES!$C$41,J31<=CODES!$D$41),"PASS","FAIL") | K87: =IF(AND(K31>=CODES!$C$42,K31<=CODES!$D$42),"PASS","FAIL") | L87: =IF(AND(L31>=CODES!$C$43,L31<=CODES!$D$43),"PASS","FAIL") | M87: =IF(AND(M31>=CODES!$C$44,M31<=CODES!$D$44),"PASS","FAIL") | N87: =IF(ISERROR(N31),"Over-range Error",N31) | O87: =O31
B88: =B32 | C88: =C32 | D88: =D32 | E88: =IF(AND(E32>=CODES!$C$34,E32<=CODES!$D$34),"PASS","FAIL") | F88: =IF(AND(F32>=CODES!$C$35,F32<=CODES!$D$35),"PASS","FAIL") | G88: =G32 | H88: =IF(AND(H32>=CODES!$C$37,H32<=CODES!$D$37),"PASS","FAIL") | I88: =IF(ISTEXT(I32),I32,IF(ISERROR(I32),"CHECK DUP",IF(I32>CODES!$B$39,"FAIL","PASS"))) | J88: =IF(AND(J32>=CODES!$C$41,J32<=CODES!$D$41),"PASS","FAIL") | K88: =IF(AND(K32>=CODES!$C$42,K32<=CODES!$D$42),"PASS","FAIL") | L88: =IF(AND(L32>=CODES!$C$43,L32<=CODES!$D$43),"PASS","FAIL") | M88: =IF(AND(M32>=CODES!$C$44,M32<=CODES!$D$44),"PASS","FAIL") | N88: =IF(ISERROR(N32),"Over-range Error",N32) | O88: =O32 | P88: Spike < 30% of Sample Matrix
B89: =B33 | C89: =C33 | D89: =D33 | E89: =IF(AND(E33>=CODES!$C$34,E33<=CODES!$D$34),"PASS","FAIL") | F89: =IF(AND(F33>=CODES!$C$35,F33<=CODES!$D$35),"PASS","FAIL") | G89: =G33 | H89: =IF(AND(H33>=CODES!$C$37,H33<=CODES!$D$37),"PASS","FAIL") | I89: =IF(ISTEXT(I33),I33,IF(ISERROR(I33),"CHECK DUP",IF(I33>CODES!$B$39,"FAIL","PASS"))) | J89: =IF(AND(J33>=CODES!$C$41,J33<=CODES!$D$41),"PASS","FAIL") | K89: =IF(AND(K33>=CODES!$C$42,K33<=CODES!$D$42),"PASS","FAIL") | L89: =IF(AND(L33>=CODES!$C$43,L33<=CODES!$D$43),"PASS","FAIL") | M89: =IF(AND(M33>=CODES!$C$44,M33<=CODES!$D$44),"PASS","FAIL") | N89: =IF(ISERROR(N33),"Over-range Error",N33) | O89: =O33
B90: =B34 | C90: =C34 | D90: =D34 | E90: =IF(AND(E34>=CODES!$C$34,E34<=CODES!$D$34),"PASS","FAIL") | F90: =IF(AND(F34>=CODES!$C$35,F34<=CODES!$D$35),"PASS","FAIL") | G90: =G34 | H90: =IF(AND(H34>=CODES!$C$37,H34<=CODES!$D$37),"PASS","FAIL") | I90: =IF(ISTEXT(I34),I34,IF(ISERROR(I34),"CHECK DUP",IF(I34>CODES!$B$39,"FAIL","PASS"))) | J90: =IF(AND(J34>=CODES!$C$41,J34<=CODES!$D$41),"PASS","FAIL") | K90: =IF(AND(K34>=CODES!$C$42,K34<=CODES!$D$42),"PASS","FAIL") | L90: =IF(AND(L34>=CODES!$C$43,L34<=CODES!$D$43),"PASS","FAIL") | M90: =IF(AND(M34>=CODES!$C$44,M34<=CODES!$D$44),"PASS","FAIL") | N90: =IF(ISERROR(N34),"Over-range Error",N34) | O90: =O34
B91: =B35 | C91: =C35 | D91: =D35 | E91: =IF(AND(E35>=CODES!$C$34,E35<=CODES!$D$34),"PASS","FAIL") | F91: =IF(AND(F35>=CODES!$C$35,F35<=CODES!$D$35),"PASS","FAIL") | G91: =G35 | H91: =IF(AND(H35>=CODES!$C$37,H35<=CODES!$D$37),"PASS","FAIL") | I91: =IF(ISTEXT(I35),I35,IF(ISERROR(I35),"CHECK DUP",IF(I35>CODES!$B$39,"FAIL","PASS"))) | J91: =IF(AND(J35>=CODES!$C$41,J35<=CODES!$D$41),"PASS","FAIL") | K91: =IF(AND(K35>=CODES!$C$42,K35<=CODES!$D$42),"PASS","FAIL") | L91: =IF(AND(L35>=CODES!$C$43,L35<=CODES!$D$43),"PASS","FAIL") | M91: =IF(AND(M35>=CODES!$C$44,M35<=CODES!$D$44),"PASS","FAIL") | N91: =IF(ISERROR(N35),"Over-range Error",N35) | O91: =O35 | P91: Digest LRB <10% Matrix (Pass); Spike < 30% of Sample Matrix
B92: =B36 | C92: =C36 | D92: =D36 | E92: =IF(AND(E36>=CODES!$C$34,E36<=CODES!$D$34),"PASS","FAIL") | F92: =IF(AND(F36>=CODES!$C$35,F36<=CODES!$D$35),"PASS","FAIL") | G92: =G36 | H92: =IF(AND(H36>=CODES!$C$37,H36<=CODES!$D$37),"PASS","FAIL") | I92: =IF(ISTEXT(I36),I36,IF(ISERROR(I36),"CHECK DUP",IF(I36>CODES!$B$39,"FAIL","PASS"))) | J92: =IF(AND(J36>=CODES!$C$41,J36<=CODES!$D$41),"PASS","FAIL") | K92: =IF(AND(K36>=CODES!$C$42,K36<=CODES!$D$42),"PASS","FAIL") | L92: =IF(AND(L36>=CODES!$C$43,L36<=CODES!$D$43),"PASS","FAIL") | M92: =IF(AND(M36>=CODES!$C$44,M36<=CODES!$D$44),"PASS","FAIL") | N92: =IF(ISERROR(N36),"Over-range Error",N36) | O92: =O36
B93: =B37 | C93: =C37 | D93: =D37 | E93: =IF(AND(E37>=CODES!$C$34,E37<=CODES!$D$34),"PASS","FAIL") | F93: =IF(AND(F37>=CODES!$C$35,F37<=CODES!$D$35),"PASS","FAIL") | G93: =G37 | H93: =IF(AND(H37>=CODES!$C$37,H37<=CODES!$D$37),"PASS","FAIL") | I93: =IF(ISTEXT(I37),I37,IF(ISERROR(I37),"CHECK DUP",IF(I37>CODES!$B$39,"FAIL","PASS"))) | J93: =IF(AND(J37>=CODES!$C$41,J37<=CODES!$D$41),"PASS","FAIL") | K93: =IF(AND(K37>=CODES!$C$42,K37<=CODES!$D$42),"PASS","FAIL") | L93: =IF(AND(L37>=CODES!$C$43,L37<=CODES!$D$43),"PASS","FAIL") | M93: =IF(AND(M37>=CODES!$C$44,M37<=CODES!$D$44),"PASS","FAIL") | N93: =IF(ISERROR(N37),"Over-range Error",N37) | O93: =O37
B94: =B38 | C94: =C38 | D94: =D38 | E94: =IF(AND(E38>=CODES!$C$34,E38<=CODES!$D$34),"PASS","FAIL") | F94: =IF(AND(F38>=CODES!$C$35,F38<=CODES!$D$35),"PASS","FAIL") | G94: =G38 | H94: =IF(AND(H38>=CODES!$C$37,H38<=CODES!$D$37),"PASS","FAIL") | I94: =IF(ISTEXT(I38),I38,IF(ISERROR(I38),"CHECK DUP",IF(I38>CODES!$B$39,"FAIL","PASS"))) | J94: =IF(AND(J38>=CODES!$C$41,J38<=CODES!$D$41),"PASS","FAIL") | K94: =IF(AND(K38>=CODES!$C$42,K38<=CODES!$D$42),"PASS","FAIL") | L94: =IFERROR(L38,"IC Metal") | M94: =IF(AND(M38>=CODES!$C$44,M38<=CODES!$D$44),"PASS","FAIL") | N94: =IF(ISERROR(N38),"Over-range Error",N38) | O94: =O38
B95: =B39 | C95: =C39 | D95: =D39 | E95: =IF(AND(E39>=CODES!$C$34,E39<=CODES!$D$34),"PASS","FAIL") | F95: =IF(AND(F39>=CODES!$C$35,F39<=CODES!$D$35),"PASS","FAIL") | G95: =G39 | H95: =IF(AND(H39>=CODES!$C$37,H39<=CODES!$D$37),"PASS","FAIL") | I95: =IF(ISTEXT(I39),I39,IF(ISERROR(I39),"CHECK DUP",IF(I39>CODES!$B$39,"FAIL","PASS"))) | J95: =IF(AND(J39>=CODES!$C$41,J39<=CODES!$D$41),"PASS","FAIL") | K95: =IF(AND(K39>=CODES!$C$42,K39<=CODES!$D$42),"PASS","FAIL") | L95: =IF(AND(L39>=CODES!$C$43,L39<=CODES!$D$43),"PASS","FAIL") | M95: =IF(AND(M39>=CODES!$C$44,M39<=CODES!$D$44),"PASS","FAIL") | N95: =IF(ISERROR(N39),"Over-range Error",N39) | O95: =O39 | P95: Duplicate within 2.2X RL
B96: =B40 | C96: =C40 | D96: =D40 | E96: =IF(AND(E40>=CODES!$C$34,E40<=CODES!$D$34),"PASS","FAIL") | F96: =IF(AND(F40>=CODES!$C$35,F40<=CODES!$D$35),"PASS","FAIL") | G96: =G40 | H96: =IF(AND(H40>=CODES!$C$37,H40<=CODES!$D$37),"PASS","FAIL") | I96: =IF(ISTEXT(I40),I40,IF(ISERROR(I40),"CHECK DUP",IF(I40>CODES!$B$39,"FAIL","PASS"))) | J96: =IF(AND(J40>=CODES!$C$41,J40<=CODES!$D$41),"PASS","FAIL") | K96: =IF(AND(K40>=CODES!$C$42,K40<=CODES!$D$42),"PASS","FAIL") | L96: =IF(AND(L40>=CODES!$C$43,L40<=CODES!$D$43),"PASS","FAIL") | M96: =IF(AND(M40>=CODES!$C$44,M40<=CODES!$D$44),"PASS","FAIL") | N96: =IF(ISERROR(N40),"Over-range Error",N40) | O96: =O40
B97: =B41 | C97: =C41 | D97: =D41 | E97: =IF(AND(E41>=CODES!$C$34,E41<=CODES!$D$34),"PASS","FAIL") | F97: =IF(AND(F41>=CODES!$C$35,F41<=CODES!$D$35),"PASS","FAIL") | G97: =G41 | H97: =IF(AND(H41>=CODES!$C$37,H41<=CODES!$D$37),"PASS","FAIL") | I97: =IF(ISTEXT(I41),I41,IF(ISERROR(I41),"CHECK DUP",IF(I41>CODES!$B$39,"FAIL","PASS"))) | J97: =IF(AND(J41>=CODES!$C$41,J41<=CODES!$D$41),"PASS","FAIL") | K97: =IF(AND(K41>=CODES!$C$42,K41<=CODES!$D$42),"PASS","FAIL") | L97: =IF(AND(L41>=CODES!$C$43,L41<=CODES!$D$43),"PASS","FAIL") | M97: =IF(AND(M41>=CODES!$C$44,M41<=CODES!$D$44),"PASS","FAIL") | N97: =IF(ISERROR(N41),"Over-range Error",N41) | O97: =O41
B98: =B42 | C98: =C42 | D98: =D42 | E98: =IF(AND(E42>=CODES!$C$34,E42<=CODES!$D$34),"PASS","FAIL") | F98: =IF(AND(F42>=CODES!$C$35,F42<=CODES!$D$35),"PASS","FAIL") | G98: =G42 | H98: =IF(AND(H42>=CODES!$C$37,H42<=CODES!$D$37),"PASS","FAIL") | I98: =IF(ISTEXT(I42),I42,IF(ISERROR(I42),"CHECK DUP",IF(I42>CODES!$B$39,"FAIL","PASS"))) | J98: =IF(AND(J42>=CODES!$C$41,J42<=CODES!$D$41),"PASS","FAIL") | K98: =IF(AND(K42>=CODES!$C$42,K42<=CODES!$D$42),"PASS","FAIL") | L98: =IF(AND(L42>=CODES!$C$43,L42<=CODES!$D$43),"PASS","FAIL") | M98: =IF(AND(M42>=CODES!$C$44,M42<=CODES!$D$44),"PASS","FAIL") | N98: =IF(ISERROR(N42),"Over-range Error",N42) | O98: =O42 | P98: Spike < 30% of Sample Matrix
B99: =B43 | C99: =C43 | D99: =D43 | E99: =IF(AND(E43>=CODES!$C$34,E43<=CODES!$D$34),"PASS","FAIL") | F99: =IF(AND(F43>=CODES!$C$35,F43<=CODES!$D$35),"PASS","FAIL") | G99: =G43 | H99: =IF(AND(H43>=CODES!$C$37,H43<=CODES!$D$37),"PASS","FAIL") | I99: =IF(ISTEXT(I43),I43,IF(ISERROR(I43),"CHECK DUP",IF(I43>CODES!$B$39,"FAIL","PASS"))) | J99: =IF(AND(J43>=CODES!$C$41,J43<=CODES!$D$41),"PASS","FAIL") | K99: =IF(AND(K43>=CODES!$C$42,K43<=CODES!$D$42),"PASS","FAIL") | L99: =IF(AND(L43>=CODES!$C$43,L43<=CODES!$D$43),"PASS","FAIL") | M99: =IF(AND(M43>=CODES!$C$44,M43<=CODES!$D$44),"PASS","FAIL") | N99: =IF(ISERROR(N43),"Over-range Error",N43) | O99: =O43
B100: =B44 | C100: =C44 | D100: =D44 | E100: =IF(AND(E44>=CODES!$C$34,E44<=CODES!$D$34),"PASS","FAIL") | F100: =IF(AND(F44>=CODES!$C$35,F44<=CODES!$D$35),"PASS","FAIL") | G100: =G44 | H100: =IF(AND(H44>=CODES!$C$37,H44<=CODES!$D$37),"PASS","FAIL") | I100: =IF(ISTEXT(I44),I44,IF(ISERROR(I44),"CHECK DUP",IF(I44>CODES!$B$39,"FAIL","PASS"))) | J100: =IF(AND(J44>=CODES!$C$41,J44<=CODES!$D$41),"PASS","FAIL") | K100: =IF(AND(K44>=CODES!$C$42,K44<=CODES!$D$42),"PASS","FAIL") | L100: =IF(AND(L44>=CODES!$C$43,L44<=CODES!$D$43),"PASS","FAIL") | M100: =IF(AND(M44>=CODES!$C$44,M44<=CODES!$D$44),"PASS","FAIL") | N100: =IF(ISERROR(N44),"Over-range Error",N44) | O100: =O44
B101: =B45 | C101: =C45 | D101: =D45 | E101: =IF(AND(E45>=CODES!$C$34,E45<=CODES!$D$34),"PASS","FAIL") | F101: =IF(AND(F45>=CODES!$C$35,F45<=CODES!$D$35),"PASS","FAIL") | G101: =G45 | H101: =IF(AND(H45>=CODES!$C$37,H45<=CODES!$D$37),"PASS","FAIL") | I101: =IF(ISTEXT(I45),I45,IF(ISERROR(I45),"CHECK DUP",IF(I45>CODES!$B$39,"FAIL","PASS"))) | J101: =IF(AND(J45>=CODES!$C$41,J45<=CODES!$D$41),"PASS","FAIL") | K101: =IF(AND(K45>=CODES!$C$42,K45<=CODES!$D$42),"PASS","FAIL") | L101: =IF(AND(L45>=CODES!$C$43,L45<=CODES!$D$43),"PASS","FAIL") | M101: =IF(AND(M45>=CODES!$C$44,M45<=CODES!$D$44),"PASS","FAIL") | N101: =IF(ISERROR(N45),"Over-range Error",N45) | O101: =O45 | P101: LRB <10% Matrix, Spike < 30% of Sample Matrix
B102: =B46 | C102: =C46 | D102: =D46 | E102: =IF(AND(E46>=CODES!$C$34,E46<=CODES!$D$34),"PASS","FAIL") | F102: =IF(AND(F46>=CODES!$C$35,F46<=CODES!$D$35),"PASS","FAIL") | G102: =G46 | H102: =IF(AND(H46>=CODES!$C$37,H46<=CODES!$D$37),"PASS","FAIL") | I102: =IF(ISTEXT(I46),I46,IF(ISERROR(I46),"CHECK DUP",IF(I46>CODES!$B$39,"FAIL","PASS"))) | J102: =IF(AND(J46>=CODES!$C$41,J46<=CODES!$D$41),"PASS","FAIL") | K102: =IF(AND(K46>=CODES!$C$42,K46<=CODES!$D$42),"PASS","FAIL") | L102: =IF(AND(L46>=CODES!$C$43,L46<=CODES!$D$43),"PASS","FAIL") | M102: =IF(AND(M46>=CODES!$C$44,M46<=CODES!$D$44),"PASS","FAIL") | N102: =IF(ISERROR(N46),"Over-range Error",N46) | O102: =O46
B103: =B47 | C103: =C47 | D103: =D47 | E103: =IF(AND(E47>=CODES!$C$34,E47<=CODES!$D$34),"PASS","FAIL") | F103: =IF(AND(F47>=CODES!$C$35,F47<=CODES!$D$35),"PASS","FAIL") | G103: =G47 | H103: =IF(AND(H47>=CODES!$C$37,H47<=CODES!$D$37),"PASS","FAIL") | I103: =IF(ISTEXT(I47),I47,IF(ISERROR(I47),"CHECK DUP",IF(I47>CODES!$B$39,"FAIL","PASS"))) | J103: =IF(AND(J47>=CODES!$C$41,J47<=CODES!$D$41),"PASS","FAIL") | K103: =IF(AND(K47>=CODES!$C$42,K47<=CODES!$D$42),"PASS","FAIL") | L103: =IF(AND(L47>=CODES!$C$43,L47<=CODES!$D$43),"PASS","FAIL") | M103: =IF(AND(M47>=CODES!$C$44,M47<=CODES!$D$44),"PASS","FAIL") | N103: =IF(ISERROR(N47),"Over-range Error",N47) | O103: =O47
B104: =B48 | C104: =C48 | D104: =D48 | E104: =IF(AND(E48>=CODES!$C$34,E48<=CODES!$D$34),"PASS","FAIL") | F104: =IF(AND(F48>=CODES!$C$35,F48<=CODES!$D$35),"PASS","FAIL") | G104: =G48 | H104: =IF(AND(H48>=CODES!$C$37,H48<=CODES!$D$37),"PASS","FAIL") | I104: =IF(ISTEXT(I48),I48,IF(ISERROR(I48),"CHECK DUP",IF(I48>CODES!$B$39,"FAIL","PASS"))) | J104: =IF(AND(J48>=CODES!$C$41,J48<=CODES!$D$41),"PASS","FAIL") | K104: =IF(AND(K48>=CODES!$C$42,K48<=CODES!$D$42),"PASS","FAIL") | L104: =IF(AND(L48>=CODES!$C$43,L48<=CODES!$D$43),"PASS","FAIL") | M104: =IF(AND(M48>=CODES!$C$44,M48<=CODES!$D$44),"PASS","FAIL") | N104: =IF(ISERROR(N48),"Over-range Error",N48) | O104: =O48
...
